{
  "P_rel_L2": 1.196570282143433,
  "P_rel_Linf": 0.9782471944981872,
  "G_rel_L2": 0.9999999934775833,
  "G_rel_Linf": 0.9999999990370179,
  "P_MAE": 0.046284156407229556,
  "P_RMSE": 0.058846613999783554,
  "G_MAE": 0.15814290339638315,
  "G_RMSE": 0.32533455109448145,
  "complementarity_violation_max": 3.977531544844927e-09,
  "complementarity_violation_mean": 1.222187469510764e-10,
  "P_rel_L2_cavRegion": 5.812380584250665e+16,
  "G_rel_L2_cavRegion": 0.9999999934775833,
  "P_rel_L2_fullRegion": 1.0017460006780257,
  "G_abs_RMSE_fullRegion": 4.9045055622632134e-09,
  "cavitation_IoU_1e-06": 0.0,
  "cavitation_Dice_1e-06": 0.0,
  "cavitation_IoU_1e-05": 0.0,
  "cavitation_Dice_1e-05": 0.0,
  "cavitation_IoU_1e-04": 0.0,
  "cavitation_Dice_1e-04": 0.0,
  "cavitation_IoU_1e-03": 0.0,
  "cavitation_Dice_1e-03": 0.0,
  "cavitation_IoU_1e-02": 0.0,
  "cavitation_Dice_1e-02": 0.0,
  "cavitation_IoU": 0.0,
  "cavitation_Dice": 0.0
}