{
  "stage_index": 4,
  "stage_name": "true_physics",
  "global_epoch": 13750,
  "metrics": {
    "cv_mean_abs": 0.016015768872963958,
    "cv_p99": 0.14294492049174626,
    "cv_rmse": 0.03247527344791851,
    "global_flux_balance": 0.00921233912502407,
    "fb_mean_abs": 3.6262425498710206e-11,
    "fb_p99": 6.636915461655236e-11,
    "max_p_times_gamma": 1.2785897619114886e-14,
    "mean_p_times_gamma": 1.7237237096524867e-16,
    "pressure_min": 0.07253470330780915,
    "pressure_max": 0.21828129530538454,
    "gamma_min": 4.0585703024747735e-57,
    "gamma_max": 1.1557849510799965e-13,
    "boundary_max_error": 1.3877787807814457e-17,
    "periodic_max_error": 8.326672684688674e-17
  },
  "fields": {
    "pressure": {
      "mean": 0.14499847727509027,
      "std": 0.030584776639561956,
      "min": 0.07253470330780915,
      "max": 0.21828129530538454,
      "median": 0.1464268435238868,
      "p90_abs": 0.18215703363792823,
      "p99_abs": 0.2124720663358535,
      "l1": 222.71766109453867,
      "l2": 5.807799927024938
    },
    "gamma": {
      "mean": 1.4143589080214627e-15,
      "std": 9.55533653673653e-15,
      "min": 4.0585703024747735e-57,
      "max": 1.1557849510799965e-13,
      "median": 4.438883403016994e-23,
      "p90_abs": 5.466113031089775e-17,
      "p99_abs": 6.036677320838728e-14,
      "l1": 2.1724552827209668e-12,
      "l2": 3.7857136236741856e-13
    },
    "film": {
      "mean": 1.89356406199902,
      "std": 1.275972772247359,
      "min": 1.0,
      "max": 3.9999775984656525,
      "median": 1.0031893195177075,
      "p90_abs": 3.9986337107160033,
      "p99_abs": 3.999974410290386,
      "l1": 2908.5143992304947,
      "l2": 89.48871408184972
    },
    "q_radius": {
      "mean": -19.416862941744764,
      "std": 32.977841105622005,
      "min": -95.49863458769985,
      "max": 7.76000554069661,
      "median": -1.348153439724233,
      "p90_abs": 78.55320009100791,
      "p99_abs": 93.08152374476347,
      "l1": 33605.40387786303,
      "l2": 1499.8509086795034
    },
    "q_theta": {
      "mean": -1099.2933029428325,
      "std": 757.8701485885063,
      "min": -2412.7134455700284,
      "max": -546.8556218108766,
      "median": -592.3387747664765,
      "p90_abs": 2345.8955967622005,
      "p99_abs": 2405.2784470001143,
      "l1": 1688514.5133201906,
      "l2": 52329.73014867729
    },
    "cv_residual": {
      "mean": -0.00921233912502407,
      "std": 0.031141229798494336,
      "min": -0.2320220014939048,
      "max": 0.11177330260481676,
      "median": -0.0033884395111355987,
      "p90_abs": 0.048633615668666516,
      "p99_abs": 0.14294492049174626,
      "l1": 24.600220988872636,
      "l2": 1.2727655872760846
    },
    "fb": {
      "mean": -3.6262425498710206e-11,
      "std": 8.864367055369946e-12,
      "min": -6.893252635364888e-11,
      "max": -2.290612144406623e-11,
      "median": -3.414668547918609e-11,
      "p90_abs": 4.751621318632715e-11,
      "p99_abs": 6.636915461655236e-11,
      "l1": 5.569908556601888e-08,
      "l2": 1.4630373261612502e-09
    }
  },
  "gradients": {
    "pressure_net": {
      "global_l2": 0.0542387797201325,
      "max_abs": 0.0269746453173512,
      "nonfinite": 0.0,
      "element_count": 118017.0
    },
    "gamma_net": {
      "global_l2": 4.662461590764493e-15,
      "max_abs": 6.271056694790494e-16,
      "nonfinite": 0.0,
      "element_count": 118017.0
    }
  }
}