{
  "stage_index": 4,
  "stage_name": "true_physics",
  "global_epoch": 14500,
  "metrics": {
    "cv_mean_abs": 0.013695171668081308,
    "cv_p99": 0.10688135534738277,
    "cv_rmse": 0.026820684731004192,
    "global_flux_balance": 0.009317204776605147,
    "fb_mean_abs": 3.530895562910141e-11,
    "fb_p99": 6.595525792185698e-11,
    "max_p_times_gamma": 1.2611252083032032e-14,
    "mean_p_times_gamma": 1.7290861588590104e-16,
    "pressure_min": 0.07348689984486578,
    "pressure_max": 0.23650251280228657,
    "gamma_min": 4.058571003255246e-57,
    "gamma_max": 1.1557850735772037e-13,
    "boundary_max_error": 1.3877787807814457e-17,
    "periodic_max_error": 8.326672684688674e-17
  },
  "fields": {
    "pressure": {
      "mean": 0.14958473754398685,
      "std": 0.03258029401057237,
      "min": 0.07348689984486578,
      "max": 0.23650251280228657,
      "median": 0.15286824797036874,
      "p90_abs": 0.1904104873214899,
      "p99_abs": 0.21693022569904963,
      "l1": 229.76215686756382,
      "l2": 5.999944865528285
    },
    "gamma": {
      "mean": 1.4143591669618067e-15,
      "std": 9.555338106920662e-15,
      "min": 4.058571003255246e-57,
      "max": 1.1557850735772037e-13,
      "median": 4.4388837116659635e-23,
      "p90_abs": 5.466113365130411e-17,
      "p99_abs": 6.036679455578551e-14,
      "l1": 2.172455680453335e-12,
      "l2": 3.785714247285116e-13
    },
    "film": {
      "mean": 1.89356406199902,
      "std": 1.275972772247359,
      "min": 1.0,
      "max": 3.9999775984656525,
      "median": 1.0031893195177075,
      "p90_abs": 3.9986337107160033,
      "p99_abs": 3.999974410290386,
      "l1": 2908.5143992304947,
      "l2": 89.48871408184972
    },
    "q_radius": {
      "mean": -21.43740943459041,
      "std": 35.30704744990005,
      "min": -97.35316307092928,
      "max": 16.55248457201623,
      "median": -1.5562424729424849,
      "p90_abs": 87.21626682895278,
      "p99_abs": 95.38603145562607,
      "l1": 37394.64928924305,
      "l2": 1618.8411252398694
    },
    "q_theta": {
      "mean": -1099.1843767085804,
      "std": 757.708020451319,
      "min": -2412.7331240301755,
      "max": -546.8605679411517,
      "median": -592.5184136516461,
      "p90_abs": 2345.7793351047144,
      "p99_abs": 2405.005687936695,
      "l1": 1688347.2026243797,
      "l2": 52322.60893688277
    },
    "cv_residual": {
      "mean": -0.009317204776605149,
      "std": 0.025150324542453275,
      "min": -0.21592838460870084,
      "max": 0.10489593848854005,
      "median": -0.0034338521453607124,
      "p90_abs": 0.0368013749776786,
      "p99_abs": 0.10688135534738277,
      "l1": 21.035783682172887,
      "l2": 1.0511518742882586
    },
    "fb": {
      "mean": -3.530895562910141e-11,
      "std": 9.084345391601597e-12,
      "min": -6.803935193033794e-11,
      "max": -2.114131092412208e-11,
      "median": -3.270783643927189e-11,
      "p90_abs": 4.743683224006645e-11,
      "p99_abs": 6.595525792185698e-11,
      "l1": 5.423455584629977e-08,
      "l2": 1.4288892310654706e-09
    }
  },
  "gradients": {
    "pressure_net": {
      "global_l2": 0.022226489528425524,
      "max_abs": 0.012225454452789808,
      "nonfinite": 0.0,
      "element_count": 118017.0
    },
    "gamma_net": {
      "global_l2": 1.4489128385141742e-15,
      "max_abs": 2.2942687686730765e-16,
      "nonfinite": 0.0,
      "element_count": 118017.0
    }
  }
}