{
  "stage_index": 3,
  "stage_name": "cavitation_075",
  "global_epoch": 11000,
  "metrics": {
    "cv_mean_abs": 0.006593046239915385,
    "cv_p99": 0.026907271702972236,
    "cv_rmse": 0.009887982919782302,
    "global_flux_balance": 0.0059148389324896805,
    "fb_mean_abs": 1.258878349000478e-08,
    "fb_p99": 1.134873195692696e-07,
    "max_p_times_gamma": 3.991032177297347e-09,
    "mean_p_times_gamma": 1.2324950496401967e-10,
    "pressure_min": 0.0030692176417250186,
    "pressure_max": 0.14283666978469728,
    "gamma_min": 1.036231042095361e-17,
    "gamma_max": 7.955688025460478e-08,
    "boundary_max_error": 1.3877787807814457e-17,
    "periodic_max_error": 6.938893903907228e-17
  },
  "fields": {
    "pressure": {
      "mean": 0.08007237443571878,
      "std": 0.037827551421048565,
      "min": 0.0030692176417250186,
      "max": 0.14283666978469728,
      "median": 0.09100547142940046,
      "p90_abs": 0.12237405436570678,
      "p99_abs": 0.1367604652750149,
      "l1": 122.99116713326404,
      "l2": 3.4707482634186153
    },
    "gamma": {
      "mean": 2.1204124373916744e-09,
      "std": 7.49432922545108e-09,
      "min": 1.036231042095361e-17,
      "max": 7.955688025460478e-08,
      "median": 5.232641844814591e-11,
      "p90_abs": 3.954183126336525e-09,
      "p99_abs": 3.3227351959067705e-08,
      "l1": 3.256953503833612e-06,
      "l2": 3.0524658796804046e-07
    },
    "film": {
      "mean": 1.8937028377983232,
      "std": 1.173833149256695,
      "min": 1.0000000000422833,
      "max": 3.9884408081566876,
      "median": 1.0909212710653684,
      "p90_abs": 3.931042360629202,
      "p99_abs": 3.9879805839366447,
      "l1": 2908.7275588582243,
      "l2": 87.3195044619209
    },
    "q_radius": {
      "mean": -14.602067559161602,
      "std": 23.840914534774072,
      "min": -64.03827932328497,
      "max": 13.430272720552482,
      "median": -2.2851365739495977,
      "p90_abs": 59.097855935962755,
      "p99_abs": 63.38587194252981,
      "l1": 27700.943222417598,
      "l2": 1095.6971841106117
    },
    "q_theta": {
      "mean": -822.5566714887187,
      "std": 521.2276784094215,
      "min": -1804.2969210405508,
      "max": -410.1361839409083,
      "median": -478.4619783893919,
      "p90_abs": 1715.355264361646,
      "p99_abs": 1791.9734492282848,
      "l1": 1263447.047406672,
      "l2": 38164.83532737744
    },
    "cv_residual": {
      "mean": -0.005914838932489679,
      "std": 0.00792381767991988,
      "min": -0.029449093089878194,
      "max": 0.02534889345379618,
      "median": -0.0029051105899292667,
      "p90_abs": 0.02016559016405648,
      "p99_abs": 0.026907271702972236,
      "l1": 10.126919024510032,
      "l2": 0.3875282038211521
    },
    "fb": {
      "mean": -1.07337526387102e-08,
      "std": 2.1194209053963855e-08,
      "min": -1.6128382503491356e-07,
      "max": 6.865487006679771e-08,
      "median": -4.939631148559442e-09,
      "p90_abs": 3.231279663284958e-08,
      "p99_abs": 1.134873195692696e-07,
      "l1": 1.9336371440647343e-05,
      "l2": 9.310910807493376e-07
    }
  },
  "gradients": {
    "pressure_net": {
      "global_l2": 0.0023657470599500715,
      "max_abs": 0.0017240075217410439,
      "nonfinite": 0.0,
      "element_count": 118017.0
    },
    "gamma_net": {
      "global_l2": 6.154276620596246e-11,
      "max_abs": 6.183441002544667e-12,
      "nonfinite": 0.0,
      "element_count": 118017.0
    }
  }
}