{
  "stage_index": 3,
  "stage_name": "cavitation_075",
  "global_epoch": 10750,
  "metrics": {
    "cv_mean_abs": 0.006632604532010925,
    "cv_p99": 0.027129970158734914,
    "cv_rmse": 0.009918169867177863,
    "global_flux_balance": 0.005891905437837243,
    "fb_mean_abs": 1.2464903988036272e-08,
    "fb_p99": 1.1203482982932758e-07,
    "max_p_times_gamma": 4.001263426008341e-09,
    "mean_p_times_gamma": 1.236458250236395e-10,
    "pressure_min": 0.0031357927824117345,
    "pressure_max": 0.14290219193008685,
    "gamma_min": 1.036457424300386e-17,
    "gamma_max": 7.957770383991945e-08,
    "boundary_max_error": 1.3877787807814457e-17,
    "periodic_max_error": 1.249000902703301e-16
  },
  "fields": {
    "pressure": {
      "mean": 0.08022269611157834,
      "std": 0.037807790091458515,
      "min": 0.0031357927824117345,
      "max": 0.14290219193008685,
      "median": 0.09117912866710193,
      "p90_abs": 0.12252778890040639,
      "p99_abs": 0.13686836697458174,
      "l1": 123.22206122738433,
      "l2": 3.475745805317763
    },
    "gamma": {
      "mean": 2.120859032565618e-09,
      "std": 7.49620386615235e-09,
      "min": 1.036457424300386e-17,
      "max": 7.957770383991945e-08,
      "median": 5.233416704858671e-11,
      "p90_abs": 3.9549090250843435e-09,
      "p99_abs": 3.3236110588477764e-08,
      "l1": 3.257639474020789e-06,
      "l2": 3.0532204852286783e-07
    },
    "film": {
      "mean": 1.8937028377983232,
      "std": 1.173833149256695,
      "min": 1.0000000000422833,
      "max": 3.9884408081566876,
      "median": 1.0909212710653684,
      "p90_abs": 3.931042360629202,
      "p99_abs": 3.9879805839366447,
      "l1": 2908.7275588582243,
      "l2": 87.3195044619209
    },
    "q_radius": {
      "mean": -14.615767591769924,
      "std": 23.849494387986883,
      "min": -63.72723979131851,
      "max": 13.625353440910688,
      "median": -2.277120755475596,
      "p90_abs": 59.188170049575334,
      "p99_abs": 63.13658695090488,
      "l1": 27729.05094803725,
      "l2": 1096.264408299297
    },
    "q_theta": {
      "mean": -822.5580519844367,
      "std": 521.2305248163926,
      "min": -1804.2944062392523,
      "max": -410.13637023968056,
      "median": -478.4657044367959,
      "p90_abs": 1715.4273109733147,
      "p99_abs": 1791.981456311298,
      "l1": 1263449.1678480948,
      "l2": 38164.94073946739
    },
    "cv_residual": {
      "mean": -0.005891905437837246,
      "std": 0.007978442443596297,
      "min": -0.030315237093927423,
      "max": 0.02582643756958952,
      "median": -0.0029519750621280556,
      "p90_abs": 0.019690517306624727,
      "p99_abs": 0.027129970158734914,
      "l1": 10.18768056116878,
      "l2": 0.38871128570933394
    },
    "fb": {
      "mean": -1.0606244431838585e-08,
      "std": 2.083755405073954e-08,
      "min": -1.5782488774207515e-07,
      "max": 6.869898505623695e-08,
      "median": -4.934013586588293e-09,
      "p90_abs": 3.180373346622911e-08,
      "p99_abs": 1.1203482982932758e-07,
      "l1": 1.9146092525623715e-05,
      "l2": 9.163651993172005e-07
    }
  },
  "gradients": {
    "pressure_net": {
      "global_l2": 0.0017835314177040637,
      "max_abs": 0.0009078706155881251,
      "nonfinite": 0.0,
      "element_count": 118017.0
    },
    "gamma_net": {
      "global_l2": 2.16267126733417e-10,
      "max_abs": 2.334536803704906e-11,
      "nonfinite": 0.0,
      "element_count": 118017.0
    }
  }
}