{
  "stage_index": 3,
  "stage_name": "cavitation_075",
  "global_epoch": 10000,
  "metrics": {
    "cv_mean_abs": 0.007264023889811802,
    "cv_p99": 0.03321555462904729,
    "cv_rmse": 0.010516444989663217,
    "global_flux_balance": 0.006067255974760128,
    "fb_mean_abs": 1.215049015002193e-08,
    "fb_p99": 1.0074967811413153e-07,
    "max_p_times_gamma": 3.973497260706988e-09,
    "mean_p_times_gamma": 1.2545151307591368e-10,
    "pressure_min": 0.0034886107316905433,
    "pressure_max": 0.1533849239408658,
    "gamma_min": 1.0366392461609165e-17,
    "gamma_max": 7.990612104039119e-08,
    "boundary_max_error": 1.3877787807814457e-17,
    "periodic_max_error": 1.1102230246251565e-16
  },
  "fields": {
    "pressure": {
      "mean": 0.08264645394594022,
      "std": 0.03950799526088269,
      "min": 0.0034886107316905433,
      "max": 0.1533849239408658,
      "median": 0.09586523419158174,
      "p90_abs": 0.12424596529304677,
      "p99_abs": 0.14424569581624808,
      "l1": 126.94495326096418,
      "l2": 3.5901343301436404
    },
    "gamma": {
      "mean": 2.1254416241700667e-09,
      "std": 7.523210906936972e-09,
      "min": 1.0366392461609165e-17,
      "max": 7.990612104039119e-08,
      "median": 5.233311990373591e-11,
      "p90_abs": 3.963958114382867e-09,
      "p99_abs": 3.336635453804247e-08,
      "l1": 3.2646783347252222e-06,
      "l2": 3.0638944177654606e-07
    },
    "film": {
      "mean": 1.8937028377983232,
      "std": 1.173833149256695,
      "min": 1.0000000000422833,
      "max": 3.9884408081566876,
      "median": 1.0909212710653684,
      "p90_abs": 3.931042360629202,
      "p99_abs": 3.9879805839366447,
      "l1": 2908.7275588582243,
      "l2": 87.3195044619209
    },
    "q_radius": {
      "mean": -14.524932834553391,
      "std": 23.821116675544314,
      "min": -64.49592832920814,
      "max": 13.780494990180769,
      "median": -2.5054793464775376,
      "p90_abs": 59.38017723364937,
      "p99_abs": 63.67703774258212,
      "l1": 27696.775654558965,
      "l2": 1093.4587345318198
    },
    "q_theta": {
      "mean": -822.5636073144395,
      "std": 521.2388353972425,
      "min": -1804.2994515144348,
      "max": -410.14496455853623,
      "median": -478.4639632252565,
      "p90_abs": 1715.9763771333762,
      "p99_abs": 1791.9472312556527,
      "l1": 1263457.700834979,
      "l2": 38165.298985130255
    },
    "cv_residual": {
      "mean": -0.00606725597476013,
      "std": 0.008589762520428031,
      "min": -0.05119383213983742,
      "max": 0.024819528432748737,
      "median": -0.0036801479920767575,
      "p90_abs": 0.018265037737388717,
      "p99_abs": 0.03321555462904729,
      "l1": 11.157540694750928,
      "l2": 0.41215878612357754
    },
    "fb": {
      "mean": -1.0279319156264072e-08,
      "std": 1.986283751309016e-08,
      "min": -1.4169913428729863e-07,
      "max": 6.890631309985906e-08,
      "median": -4.792604590964089e-09,
      "p90_abs": 3.15742060830182e-08,
      "p99_abs": 1.0074967811413153e-07,
      "l1": 1.8663152870433686e-05,
      "l2": 8.765284686600875e-07
    }
  },
  "gradients": {
    "pressure_net": {
      "global_l2": 0.003077187856841268,
      "max_abs": 0.0020079700912631173,
      "nonfinite": 0.0,
      "element_count": 118017.0
    },
    "gamma_net": {
      "global_l2": 2.2745351733765074e-10,
      "max_abs": 3.6343309741240584e-11,
      "nonfinite": 0.0,
      "element_count": 118017.0
    }
  }
}