{
  "stage_index": 0,
  "stage_name": "full_film_010",
  "global_epoch": 750,
  "metrics": {
    "cv_mean_abs": 0.002160836582348695,
    "cv_p99": 0.007589643876453948,
    "cv_rmse": 0.0026617303292093817,
    "global_flux_balance": 0.0011320245536083984,
    "fb_mean_abs": 4.9505483952330136e-05,
    "fb_p99": 6.969744211560158e-05,
    "max_p_times_gamma": 0.0,
    "mean_p_times_gamma": 0.0,
    "pressure_min": 0.07095679136832375,
    "pressure_max": 0.11179543383112125,
    "gamma_min": 0.0,
    "gamma_max": 0.0,
    "boundary_max_error": 1.3877787807814457e-17,
    "periodic_max_error": 2.7755575615628914e-17
  },
  "fields": {
    "pressure": {
      "mean": 0.10176040558374254,
      "std": 0.00792064526722326,
      "min": 0.07095679136832375,
      "max": 0.11179543383112125,
      "median": 0.10362195411778946,
      "p90_abs": 0.10807243415350666,
      "p99_abs": 0.1104594876229177,
      "l1": 156.30398297662853,
      "l2": 4.000240011874545
    },
    "gamma": {
      "mean": 0.0,
      "std": 0.0,
      "min": 0.0,
      "max": 0.0,
      "median": 0.0,
      "p90_abs": 0.0,
      "p99_abs": 0.0,
      "l1": 0.0,
      "l2": 0.0
    },
    "film": {
      "mean": 1.8954261064651725,
      "std": 0.9617152070794026,
      "min": 1.0000152603714278,
      "max": 3.753131624415628,
      "median": 1.4392115640367704,
      "p90_abs": 3.5445418282563494,
      "p99_abs": 3.7481629399639833,
      "l1": 2911.374499530505,
      "l2": 83.30027432380858
    },
    "q_radius": {
      "mean": -1.0650882928400058,
      "std": 2.4530375302828533,
      "min": -7.72153782867603,
      "max": 3.509881889596644,
      "median": -0.38901096169513283,
      "p90_abs": 5.192083490336461,
      "p99_abs": 7.05106177371116,
      "l1": 2853.71571644565,
      "l2": 104.81018231954525
    },
    "q_theta": {
      "mean": -110.01950183403805,
      "std": 57.72918529169614,
      "min": -226.41360664023117,
      "max": -54.675495118107065,
      "median": -84.01000802793124,
      "p90_abs": 208.12345847581776,
      "p99_abs": 223.91850897315396,
      "l1": 168989.95481708244,
      "l2": 4869.410088874877
    },
    "cv_residual": {
      "mean": -0.0011320245536083982,
      "std": 0.0024090099118643724,
      "min": -0.011524342593632844,
      "max": 0.005637807922579342,
      "median": -0.001238053991426402,
      "p90_abs": 0.004010223465158478,
      "p99_abs": 0.007589643876453948,
      "l1": 3.319044990487596,
      "l2": 0.10431809823125236
    },
    "fb": {
      "mean": -4.950548395233014e-05,
      "std": 4.811690227075038e-06,
      "min": -7.046191998649753e-05,
      "max": -4.4723651211997506e-05,
      "median": -4.825119986828774e-05,
      "p90_abs": 5.4043375610490774e-05,
      "p99_abs": 6.969744211560158e-05,
      "l1": 0.0760404233507791,
      "l2": 0.0019493537357916
    }
  },
  "gradients": {
    "pressure_net": {
      "global_l2": 0.00016991220770769914,
      "max_abs": 0.0001667538417857153,
      "nonfinite": 0.0,
      "element_count": 118017.0
    },
    "gamma_net": {
      "global_l2": 0.0,
      "max_abs": 0.0,
      "nonfinite": 0.0,
      "element_count": 0.0
    }
  }
}