{
  "stage_index": 2,
  "stage_name": "cavitation_050",
  "global_epoch": 7000,
  "metrics": {
    "cv_mean_abs": 0.002897421354948792,
    "cv_p99": 0.013435240285722348,
    "cv_rmse": 0.004268442260986005,
    "global_flux_balance": 0.0009207954656439546,
    "fb_mean_abs": 8.704147118478807e-07,
    "fb_p99": 3.6228060429535642e-06,
    "max_p_times_gamma": 2.1169340012267386e-07,
    "mean_p_times_gamma": 2.309458545624358e-08,
    "pressure_min": 0.008973324288371259,
    "pressure_max": 0.12038499992825205,
    "gamma_min": 3.2907407912455285e-14,
    "gamma_max": 4.517221714549415e-06,
    "boundary_max_error": 1.3877787807814457e-17,
    "periodic_max_error": 5.204170427930421e-17
  },
  "fields": {
    "pressure": {
      "mean": 0.05869206041741617,
      "std": 0.032753932016741455,
      "min": 0.008973324288371259,
      "max": 0.12038499992825205,
      "median": 0.05786294454611932,
      "p90_abs": 0.10450286935435482,
      "p99_abs": 0.11146769800917301,
      "l1": 90.15100480115123,
      "l2": 2.634198139200616
    },
    "gamma": {
      "mean": 6.879091038568272e-07,
      "std": 1.0524999177902253e-06,
      "min": 3.2907407912455285e-14,
      "max": 4.517221714549415e-06,
      "median": 1.8133451566621388e-07,
      "p90_abs": 2.483116166867261e-06,
      "p99_abs": 4.103384804887634e-06,
      "l1": 0.0010566283835240866,
      "l2": 4.9278571596714654e-05
    },
    "film": {
      "mean": 1.8954261064651725,
      "std": 0.9617152070794026,
      "min": 1.0000152603714278,
      "max": 3.753131624415628,
      "median": 1.4392115640367704,
      "p90_abs": 3.5445418282563494,
      "p99_abs": 3.7481629399639833,
      "l1": 2911.374499530505,
      "l2": 83.30027432380858
    },
    "q_radius": {
      "mean": -3.543228040215985,
      "std": 11.233584849819117,
      "min": -35.606470833063305,
      "max": 15.748220654543573,
      "median": -1.40982671721239,
      "p90_abs": 21.960160947636027,
      "p99_abs": 32.08838916606302,
      "l1": 12618.16268546077,
      "l2": 461.6457131301207
    },
    "q_theta": {
      "mean": -548.9823348404146,
      "std": 286.77896679333594,
      "min": -1131.8451575515662,
      "max": -273.40656887009766,
      "median": -420.6326717313916,
      "p90_abs": 1035.4533258475494,
      "p99_abs": 1118.4709464121179,
      "l1": 843236.8663148768,
      "l2": 24274.392386098105
    },
    "cv_residual": {
      "mean": -0.0009207954656439516,
      "std": 0.004167941343855604,
      "min": -0.01740832807647005,
      "max": 0.01525224064429085,
      "median": -0.0006874130657031471,
      "p90_abs": 0.007497984713990217,
      "p99_abs": 0.013435240285722348,
      "l1": 4.450439201201345,
      "l2": 0.1672880885751593
    },
    "fb": {
      "mean": -6.87123613587431e-07,
      "std": 9.50639071921328e-07,
      "min": -3.933983246356965e-06,
      "max": 2.252135308355996e-06,
      "median": -5.037410159003386e-07,
      "p90_abs": 1.955185770757817e-06,
      "p99_abs": 3.6228060429535642e-06,
      "l1": 0.0013369569973983447,
      "l2": 4.597076227684509e-05
    }
  },
  "gradients": {
    "pressure_net": {
      "global_l2": 0.001903453742422669,
      "max_abs": 0.001240597110168267,
      "nonfinite": 0.0,
      "element_count": 118017.0
    },
    "gamma_net": {
      "global_l2": 1.1836347303813856e-08,
      "max_abs": 1.335659907942584e-09,
      "nonfinite": 0.0,
      "element_count": 118017.0
    }
  }
}