{
  "stage_index": 1,
  "stage_name": "cavitation_025",
  "global_epoch": 4750,
  "metrics": {
    "cv_mean_abs": 0.004652763180135183,
    "cv_p99": 0.0365829177819927,
    "cv_rmse": 0.007858665894352265,
    "global_flux_balance": 0.0023719198637308855,
    "fb_mean_abs": 8.79319954978959e-05,
    "fb_p99": 0.00044561994287006183,
    "max_p_times_gamma": 5.5039283267649117e-05,
    "mean_p_times_gamma": 5.056740381472383e-06,
    "pressure_min": 0.0028570314962126997,
    "pressure_max": 0.10073315926501078,
    "gamma_min": 5.8144213049943696e-08,
    "gamma_max": 0.001253129511507596,
    "boundary_max_error": 1.3877787807814457e-17,
    "periodic_max_error": 1.1102230246251565e-16
  },
  "fields": {
    "pressure": {
      "mean": 0.04085016841382278,
      "std": 0.030058690935269194,
      "min": 0.0028570314962126997,
      "max": 0.10073315926501078,
      "median": 0.02788065854999842,
      "p90_abs": 0.09726784407992067,
      "p99_abs": 0.10038385654329608,
      "l1": 62.74585868363179,
      "l2": 1.9877105277268237
    },
    "gamma": {
      "mean": 0.0001958713369783004,
      "std": 0.0001933279137203432,
      "min": 5.8144213049943696e-08,
      "max": 0.001253129511507596,
      "median": 0.00016766044603839153,
      "p90_abs": 0.00037409190721797415,
      "p99_abs": 0.0010988506401840487,
      "l1": 0.3008583735986694,
      "l2": 0.010786036332829759
    },
    "film": {
      "mean": 1.8954261064651725,
      "std": 0.9617152070794026,
      "min": 1.0000152603714278,
      "max": 3.753131624415628,
      "median": 1.4392115640367704,
      "p90_abs": 3.5445418282563494,
      "p99_abs": 3.7481629399639833,
      "l1": 2911.374499530505,
      "l2": 83.30027432380858
    },
    "q_radius": {
      "mean": 2.021914184315314,
      "std": 7.081586969242851,
      "min": -9.610402199160303,
      "max": 41.733726182375996,
      "median": -0.9121583626411998,
      "p90_abs": 11.995643867770482,
      "p99_abs": 27.608628430880056,
      "l1": 7466.471045985506,
      "l2": 288.6313372669522
    },
    "q_theta": {
      "mean": -274.1002411730624,
      "std": 142.84730929578345,
      "min": -565.8888618519836,
      "max": -136.72048867822406,
      "median": -210.48474548120163,
      "p90_abs": 514.3189275565619,
      "p99_abs": 558.9162340547169,
      "l1": 421017.9704418238,
      "l2": 12113.783497805078
    },
    "cv_residual": {
      "mean": 0.002371919863730885,
      "std": 0.007492170967022466,
      "min": -0.02087168361869695,
      "max": 0.05903379749934008,
      "median": 0.0011754464582083121,
      "p90_abs": 0.010028691567161727,
      "p99_abs": 0.0365829177819927,
      "l1": 7.146644244687642,
      "l2": 0.30799554400281387
    },
    "fb": {
      "mean": -1.7911545153560496e-05,
      "std": 0.00013080989182587483,
      "min": -0.0005493355352284672,
      "max": 0.0006189052564645747,
      "median": -1.718370371928124e-05,
      "p90_abs": 0.00022293979067943004,
      "p99_abs": 0.00044561994287006183,
      "l1": 0.13506354508476812,
      "l2": 0.005174517438264359
    }
  },
  "gradients": {
    "pressure_net": {
      "global_l2": 0.0017345867429700104,
      "max_abs": 0.0008983667912684794,
      "nonfinite": 0.0,
      "element_count": 118017.0
    },
    "gamma_net": {
      "global_l2": 3.446270275448277e-05,
      "max_abs": 2.788762554975086e-06,
      "nonfinite": 0.0,
      "element_count": 118017.0
    }
  }
}