{
  "stage_index": 4,
  "stage_name": "true_physics",
  "global_epoch": 14250,
  "metrics": {
    "cv_mean_abs": 0.013930462611672518,
    "cv_p99": 0.12709488799731355,
    "cv_rmse": 0.02842478371426914,
    "global_flux_balance": 0.00934070714244605,
    "fb_mean_abs": 3.542480494419612e-11,
    "fb_p99": 6.602637325769934e-11,
    "max_p_times_gamma": 1.2873735179100718e-14,
    "mean_p_times_gamma": 1.7390970538341308e-16,
    "pressure_min": 0.0730052527957205,
    "pressure_max": 0.22138876833693044,
    "gamma_min": 4.0585706067613876e-57,
    "gamma_max": 1.1557850288542708e-13,
    "boundary_max_error": 1.3877787807814457e-17,
    "periodic_max_error": 8.326672684688674e-17
  },
  "fields": {
    "pressure": {
      "mean": 0.14900113013211877,
      "std": 0.03230484064860368,
      "min": 0.0730052527957205,
      "max": 0.22138876833693044,
      "median": 0.15189285533551916,
      "p90_abs": 0.18927751086849912,
      "p99_abs": 0.2179428901952243,
      "l1": 228.86573588293444,
      "l2": 5.975301422299104
    },
    "gamma": {
      "mean": 1.4143590505493457e-15,
      "std": 9.55533741957647e-15,
      "min": 4.0585706067613876e-57,
      "max": 1.1557850288542708e-13,
      "median": 4.4388835271310904e-23,
      "p90_abs": 5.46611315438779e-17,
      "p99_abs": 6.036678603369476e-14,
      "l1": 2.172455501643795e-12,
      "l2": 3.7857139741252717e-13
    },
    "film": {
      "mean": 1.89356406199902,
      "std": 1.275972772247359,
      "min": 1.0,
      "max": 3.9999775984656525,
      "median": 1.0031893195177075,
      "p90_abs": 3.9986337107160033,
      "p99_abs": 3.999974410290386,
      "l1": 2908.5143992304947,
      "l2": 89.48871408184972
    },
    "q_radius": {
      "mean": -20.937119752131938,
      "std": 34.70694722702856,
      "min": -96.65970783999062,
      "max": 10.660499711028246,
      "median": -1.5408763729213373,
      "p90_abs": 86.12178439259829,
      "p99_abs": 94.48135294578735,
      "l1": 36213.574734572394,
      "l2": 1588.568040751904
    },
    "q_theta": {
      "mean": -1099.2777803791587,
      "std": 757.8546813940346,
      "min": -2412.674586765156,
      "max": -546.8590607456454,
      "median": -592.3895726601745,
      "p90_abs": 2346.2375232324057,
      "p99_abs": 2405.272762013879,
      "l1": 1688490.6706623877,
      "l2": 52328.88521318735
    },
    "cv_residual": {
      "mean": -0.009340707142446059,
      "std": 0.026846219832260133,
      "min": -0.18775051502224632,
      "max": 0.12651025554527934,
      "median": -0.00337969379162312,
      "p90_abs": 0.03675003187088568,
      "p99_abs": 0.12709488799731355,
      "l1": 21.397190571528988,
      "l2": 1.1140194583829215
    },
    "fb": {
      "mean": -3.542480494419612e-11,
      "std": 9.056703231013264e-12,
      "min": -6.84882150991939e-11,
      "max": -2.2584600856134784e-11,
      "median": -3.2917890635530966e-11,
      "p90_abs": 4.7515547052512375e-11,
      "p99_abs": 6.602637325769934e-11,
      "l1": 5.4412500394285246e-08,
      "l2": 1.433018102662505e-09
    }
  },
  "gradients": {
    "pressure_net": {
      "global_l2": 0.02092508863023808,
      "max_abs": 0.01535007286203032,
      "nonfinite": 0.0,
      "element_count": 118017.0
    },
    "gamma_net": {
      "global_l2": 1.4238503330229463e-15,
      "max_abs": 2.003185321128164e-16,
      "nonfinite": 0.0,
      "element_count": 118017.0
    }
  }
}