{
  "stage_index": 0,
  "stage_name": "full_film_010",
  "global_epoch": 1250,
  "metrics": {
    "cv_mean_abs": 0.0019814200732161343,
    "cv_p99": 0.00632818901585468,
    "cv_rmse": 0.002460450388148887,
    "global_flux_balance": 0.0010755258982413996,
    "fb_mean_abs": 4.964516203780085e-05,
    "fb_p99": 7.119862405274846e-05,
    "max_p_times_gamma": 0.0,
    "mean_p_times_gamma": 0.0,
    "pressure_min": 0.07003529436375742,
    "pressure_max": 0.11305375802723114,
    "gamma_min": 0.0,
    "gamma_max": 0.0,
    "boundary_max_error": 1.3877787807814457e-17,
    "periodic_max_error": 2.7755575615628914e-17
  },
  "fields": {
    "pressure": {
      "mean": 0.10171458870092949,
      "std": 0.009059799771620143,
      "min": 0.07003529436375742,
      "max": 0.11305375802723114,
      "median": 0.10400081253242792,
      "p90_abs": 0.10943688871708337,
      "p99_abs": 0.11255602771392685,
      "l1": 156.2336082446277,
      "l2": 4.002163420039928
    },
    "gamma": {
      "mean": 0.0,
      "std": 0.0,
      "min": 0.0,
      "max": 0.0,
      "median": 0.0,
      "p90_abs": 0.0,
      "p99_abs": 0.0,
      "l1": 0.0,
      "l2": 0.0
    },
    "film": {
      "mean": 1.8954261064651725,
      "std": 0.9617152070794026,
      "min": 1.0000152603714278,
      "max": 3.753131624415628,
      "median": 1.4392115640367704,
      "p90_abs": 3.5445418282563494,
      "p99_abs": 3.7481629399639833,
      "l1": 2911.374499530505,
      "l2": 83.30027432380858
    },
    "q_radius": {
      "mean": -0.9915037405300838,
      "std": 2.3604631212630522,
      "min": -7.675455384048655,
      "max": 2.249334110275128,
      "median": -0.4463966458681824,
      "p90_abs": 5.003229152422542,
      "p99_abs": 6.900697919968515,
      "l1": 2773.4185083307093,
      "l2": 100.34078876911373
    },
    "q_theta": {
      "mean": -110.02211472769181,
      "std": 57.739394616691335,
      "min": -226.35059438804245,
      "max": -54.685730324218554,
      "median": -84.03712734266587,
      "p90_abs": 208.19466359020797,
      "p99_abs": 223.79499196666418,
      "l1": 168993.96822173463,
      "l2": 4869.686689397775
    },
    "cv_residual": {
      "mean": -0.0010755258982413998,
      "std": 0.002212930219133455,
      "min": -0.00768135353467175,
      "max": 0.005275611418866072,
      "median": -0.0013228721166611535,
      "p90_abs": 0.004110526005625465,
      "p99_abs": 0.00632818901585468,
      "l1": 3.043461232459983,
      "l2": 0.09642956781436142
    },
    "fb": {
      "mean": -4.964516203780086e-05,
      "std": 5.539498988055535e-06,
      "min": -7.138893648417355e-05,
      "max": -4.4225882366299984e-05,
      "median": -4.8075436674177574e-05,
      "p90_abs": 5.5715490467456164e-05,
      "p99_abs": 7.119862405274846e-05,
      "l1": 0.07625496889006211,
      "l2": 0.001957759959253941
    }
  },
  "gradients": {
    "pressure_net": {
      "global_l2": 2.49192682494181e-05,
      "max_abs": 2.359050013487081e-05,
      "nonfinite": 0.0,
      "element_count": 118017.0
    },
    "gamma_net": {
      "global_l2": 0.0,
      "max_abs": 0.0,
      "nonfinite": 0.0,
      "element_count": 0.0
    }
  }
}