{
  "stage_index": 3,
  "stage_name": "cavitation_075",
  "global_epoch": 9000,
  "metrics": {
    "cv_mean_abs": 0.00931109157754446,
    "cv_p99": 0.05185071456769501,
    "cv_rmse": 0.014663137080575922,
    "global_flux_balance": 0.005819208600704144,
    "fb_mean_abs": 6.8259435947773676e-06,
    "fb_p99": 0.0001775012725199135,
    "max_p_times_gamma": 1.3052787254893895e-05,
    "mean_p_times_gamma": 2.442653661586052e-07,
    "pressure_min": 0.0060591069106268524,
    "pressure_max": 0.15593956961143704,
    "gamma_min": 7.842979743638889e-13,
    "gamma_max": 0.0002897129759629456,
    "boundary_max_error": 1.3877787807814457e-17,
    "periodic_max_error": 5.551115123125783e-17
  },
  "fields": {
    "pressure": {
      "mean": 0.0719654776947437,
      "std": 0.04021004943713195,
      "min": 0.0060591069106268524,
      "max": 0.15593956961143704,
      "median": 0.07047258975250792,
      "p90_abs": 0.1247405406267824,
      "p99_abs": 0.14736086141969726,
      "l1": 110.53897373912633,
      "l2": 3.2308619118362776
    },
    "gamma": {
      "mean": 6.838543799985289e-06,
      "std": 3.1108233377341874e-05,
      "min": 7.842979743638889e-13,
      "max": 0.0002897129759629456,
      "median": 1.4878425388389064e-07,
      "p90_abs": 5.7151949118179295e-06,
      "p99_abs": 0.00017754675527781045,
      "l1": 0.010504003276777404,
      "l2": 0.001248300188612944
    },
    "film": {
      "mean": 1.8937028377983232,
      "std": 1.173833149256695,
      "min": 1.0000000000422833,
      "max": 3.9884408081566876,
      "median": 1.0909212710653684,
      "p90_abs": 3.931042360629202,
      "p99_abs": 3.9879805839366447,
      "l1": 2908.7275588582243,
      "l2": 87.3195044619209
    },
    "q_radius": {
      "mean": -12.677382868445749,
      "std": 22.161764729859453,
      "min": -64.569082263229,
      "max": 17.11707880395961,
      "median": -2.119469416203552,
      "p90_abs": 52.36795506095322,
      "p99_abs": 62.81666356499502,
      "l1": 24154.710473107247,
      "l2": 1000.6281692947981
    },
    "q_theta": {
      "mean": -822.6378958403942,
      "std": 521.3531478353275,
      "min": -1804.2722562543643,
      "max": -410.14265341739747,
      "median": -478.50468337941913,
      "p90_abs": 1713.6838053074316,
      "p99_abs": 1791.976359526154,
      "l1": 1263571.8080108454,
      "l2": 38170.15638287683
    },
    "cv_residual": {
      "mean": -0.0058192086007041455,
      "std": 0.013458989572224635,
      "min": -0.061522323503755715,
      "max": 0.04800848639327463,
      "median": -0.003730210656028919,
      "p90_abs": 0.02664411689158489,
      "p99_abs": 0.05185071456769501,
      "l1": 14.301836663108295,
      "l2": 0.5746752620143104
    },
    "fb": {
      "mean": 6.822540588087813e-06,
      "std": 3.108155281923642e-05,
      "min": -5.516171079633647e-08,
      "max": 0.0002893919619703922,
      "median": 1.358745780333237e-07,
      "p90_abs": 5.707866159387898e-06,
      "p99_abs": 0.0001775012725199135,
      "l1": 0.010484649361578037,
      "l2": 0.0012471443132544657
    }
  },
  "gradients": {
    "pressure_net": {
      "global_l2": 0.009504683660576645,
      "max_abs": 0.00624730606751705,
      "nonfinite": 0.0,
      "element_count": 118017.0
    },
    "gamma_net": {
      "global_l2": 2.9398943212208244e-07,
      "max_abs": 4.372990128429906e-08,
      "nonfinite": 0.0,
      "element_count": 118017.0
    }
  }
}