{
  "stage_index": 3,
  "stage_name": "cavitation_075",
  "global_epoch": 8500,
  "metrics": {
    "cv_mean_abs": 0.012093813478426405,
    "cv_p99": 0.06548277110730104,
    "cv_rmse": 0.019379394970423378,
    "global_flux_balance": 0.005142929171951728,
    "fb_mean_abs": 6.30666608618781e-08,
    "fb_p99": 1.1800390440450123e-06,
    "max_p_times_gamma": 5.937200678831921e-08,
    "mean_p_times_gamma": 2.965278913840085e-09,
    "pressure_min": 0.011539762369708372,
    "pressure_max": 0.1547703400559688,
    "gamma_min": 2.3853351513986886e-15,
    "gamma_max": 1.7580325184141815e-06,
    "boundary_max_error": 1.3877787807814457e-17,
    "periodic_max_error": 8.326672684688674e-17
  },
  "fields": {
    "pressure": {
      "mean": 0.0766701579114956,
      "std": 0.037153318382787,
      "min": 0.011539762369708372,
      "max": 0.1547703400559688,
      "median": 0.0728513302296407,
      "p90_abs": 0.12563923956872192,
      "p99_abs": 0.14726552152468697,
      "l1": 117.76536255205725,
      "l2": 3.3390621183285236
    },
    "gamma": {
      "mean": 6.354943569014119e-08,
      "std": 2.0629947918783914e-07,
      "min": 2.3853351513986886e-15,
      "max": 1.7580325184141815e-06,
      "median": 3.3241909164715104e-09,
      "p90_abs": 1.1624538698359064e-07,
      "p99_abs": 1.1994811607223526e-06,
      "l1": 9.761193322005687e-05,
      "l2": 8.46017358253323e-06
    },
    "film": {
      "mean": 1.8937028377983232,
      "std": 1.173833149256695,
      "min": 1.0000000000422833,
      "max": 3.9884408081566876,
      "median": 1.0909212710653684,
      "p90_abs": 3.931042360629202,
      "p99_abs": 3.9879805839366447,
      "l1": 2908.7275588582243,
      "l2": 87.3195044619209
    },
    "q_radius": {
      "mean": -13.947482276260978,
      "std": 23.492435110288916,
      "min": -76.18880436597479,
      "max": 12.163222455984172,
      "median": -1.5064677615792006,
      "p90_abs": 57.139860214923246,
      "p99_abs": 68.86978542681544,
      "l1": 25356.180651706192,
      "l2": 1070.7527807948495
    },
    "q_theta": {
      "mean": -822.7473515602787,
      "std": 521.5416064540343,
      "min": -1804.2481799887871,
      "max": -410.1437247459006,
      "median": -478.40895574371865,
      "p90_abs": 1713.861529667971,
      "p99_abs": 1791.7305302250743,
      "l1": 1263739.9319965881,
      "l2": 38177.73377646448
    },
    "cv_residual": {
      "mean": -0.005142929171951721,
      "std": 0.018684518429757803,
      "min": -0.1051673428378039,
      "max": 0.0834479335594057,
      "median": -0.002777639911771282,
      "p90_abs": 0.03181863330250184,
      "p99_abs": 0.06548277110730104,
      "l1": 18.576097502862957,
      "l2": 0.7595140672223356
    },
    "fb": {
      "mean": 5.42822134816881e-08,
      "std": 2.0448002758914917e-07,
      "min": -3.55041282762425e-08,
      "max": 1.7385598556907134e-06,
      "median": -2.9855528049793634e-09,
      "p90_abs": 1.0783015069737445e-07,
      "p99_abs": 1.1800390440450123e-06,
      "l1": 9.687039108384476e-05,
      "l2": 8.291518053335955e-06
    }
  },
  "gradients": {
    "pressure_net": {
      "global_l2": 0.020041007159067325,
      "max_abs": 0.011066721409727389,
      "nonfinite": 0.0,
      "element_count": 118017.0
    },
    "gamma_net": {
      "global_l2": 2.3462800133842094e-08,
      "max_abs": 4.1890177420923496e-09,
      "nonfinite": 0.0,
      "element_count": 118017.0
    }
  }
}