{
  "stage_index": 4,
  "stage_name": "true_physics",
  "global_epoch": 13000,
  "metrics": {
    "cv_mean_abs": 0.01871742964976844,
    "cv_p99": 0.1315542794095663,
    "cv_rmse": 0.034697028289881346,
    "global_flux_balance": 0.008953168912826933,
    "fb_mean_abs": 3.634747602725141e-11,
    "fb_p99": 6.483650283328757e-11,
    "max_p_times_gamma": 1.2615620848911924e-14,
    "mean_p_times_gamma": 1.694053202528162e-16,
    "pressure_min": 0.07561405888772851,
    "pressure_max": 0.24068629109890544,
    "gamma_min": 4.058572607403206e-57,
    "gamma_max": 1.155785460672899e-13,
    "boundary_max_error": 1.3877787807814457e-17,
    "periodic_max_error": 8.326672684688674e-17
  },
  "fields": {
    "pressure": {
      "mean": 0.14434117842485686,
      "std": 0.03130809309782419,
      "min": 0.07561405888772851,
      "max": 0.24068629109890544,
      "median": 0.14315764533735528,
      "p90_abs": 0.1828814483889321,
      "p99_abs": 0.228299043938501,
      "l1": 221.70805006058015,
      "l2": 5.788538963600187
    },
    "gamma": {
      "mean": 1.4143596159384607e-15,
      "std": 9.555341151757494e-15,
      "min": 4.058572607403206e-57,
      "max": 1.155785460672899e-13,
      "median": 4.438884422204005e-23,
      "p90_abs": 5.4661145036461275e-17,
      "p99_abs": 6.036681077044134e-14,
      "l1": 2.1724563700814756e-12,
      "l2": 3.785715453515884e-13
    },
    "film": {
      "mean": 1.89356406199902,
      "std": 1.275972772247359,
      "min": 1.0,
      "max": 3.9999775984656525,
      "median": 1.0031893195177075,
      "p90_abs": 3.9986337107160033,
      "p99_abs": 3.999974410290386,
      "l1": 2908.5143992304947,
      "l2": 89.48871408184972
    },
    "q_radius": {
      "mean": -19.487630048541174,
      "std": 32.110452500270064,
      "min": -92.76416202492425,
      "max": 8.670739156259843,
      "median": -1.6553990992078345,
      "p90_abs": 78.27573822093572,
      "p99_abs": 88.39974596320667,
      "l1": 33715.97875262716,
      "l2": 1472.0950671984028
    },
    "q_theta": {
      "mean": -1099.2090104464976,
      "std": 757.7271318908264,
      "min": -2412.818482524321,
      "max": -546.8453403338775,
      "median": -592.3586060275209,
      "p90_abs": 2344.0136673899615,
      "p99_abs": 2405.2898957971415,
      "l1": 1688385.0400458202,
      "l2": 52323.82892485229
    },
    "cv_residual": {
      "mean": -0.008953168912826928,
      "std": 0.03352200081390155,
      "min": -0.22796895390901295,
      "max": 0.1404665304051939,
      "median": -0.004118232542465374,
      "p90_abs": 0.05684076153914688,
      "p99_abs": 0.1315542794095663,
      "l1": 28.74997194204433,
      "l2": 1.3598402384179538
    },
    "fb": {
      "mean": -3.634747602725141e-11,
      "std": 8.33557212544613e-12,
      "min": -6.612532743588417e-11,
      "max": -2.077404914757608e-11,
      "median": -3.49265061316828e-11,
      "p90_abs": 4.6624593075250687e-11,
      "p99_abs": 6.483650283328757e-11,
      "l1": 5.582972317785817e-08,
      "l2": 1.4615038529743125e-09
    }
  },
  "gradients": {
    "pressure_net": {
      "global_l2": 0.04976427637647634,
      "max_abs": 0.02749925793677025,
      "nonfinite": 0.0,
      "element_count": 118017.0
    },
    "gamma_net": {
      "global_l2": 5.4086538851234916e-15,
      "max_abs": 7.003088666196072e-16,
      "nonfinite": 0.0,
      "element_count": 118017.0
    }
  }
}