{
  "stage_index": 4,
  "stage_name": "true_physics",
  "global_epoch": 15500,
  "metrics": {
    "cv_mean_abs": 0.012910773245484864,
    "cv_p99": 0.10817429795391381,
    "cv_rmse": 0.02503025830214707,
    "global_flux_balance": 0.009660551327967871,
    "fb_mean_abs": 3.530806412579505e-11,
    "fb_p99": 6.597219437409763e-11,
    "max_p_times_gamma": 1.2183013335354723e-14,
    "mean_p_times_gamma": 1.710146307427047e-16,
    "pressure_min": 0.07400264055812132,
    "pressure_max": 0.256933948503987,
    "gamma_min": 4.058571545962006e-57,
    "gamma_max": 1.1557851061957428e-13,
    "boundary_max_error": 1.3877787807814457e-17,
    "periodic_max_error": 8.326672684688674e-17
  },
  "fields": {
    "pressure": {
      "mean": 0.14983224137969386,
      "std": 0.033385149324694705,
      "min": 0.07400264055812132,
      "max": 0.256933948503987,
      "median": 0.15239547675966705,
      "p90_abs": 0.19365895646901393,
      "p99_abs": 0.22666588884069946,
      "l1": 230.14232275920978,
      "l2": 6.016204518093208
    },
    "gamma": {
      "mean": 1.4143593348922261e-15,
      "std": 9.555339025194634e-15,
      "min": 4.058571545962006e-57,
      "max": 1.1557851061957428e-13,
      "median": 4.438883980414043e-23,
      "p90_abs": 5.46611354884609e-17,
      "p99_abs": 6.036680933821852e-14,
      "l1": 2.1724559383944592e-12,
      "l2": 3.7857146129315167e-13
    },
    "film": {
      "mean": 1.89356406199902,
      "std": 1.275972772247359,
      "min": 1.0,
      "max": 3.9999775984656525,
      "median": 1.0031893195177075,
      "p90_abs": 3.9986337107160033,
      "p99_abs": 3.999974410290386,
      "l1": 2908.5143992304947,
      "l2": 89.48871408184972
    },
    "q_radius": {
      "mean": -21.84756317572977,
      "std": 36.152572087001936,
      "min": -103.13424974453686,
      "max": 27.402972828913555,
      "median": -1.655801345374182,
      "p90_abs": 88.97390156058104,
      "p99_abs": 100.53794013447212,
      "l1": 38411.82726675141,
      "l2": 1655.5127330537523
    },
    "q_theta": {
      "mean": -1099.1011823697806,
      "std": 757.5825596721916,
      "min": -2412.7383267617174,
      "max": -546.8599919543941,
      "median": -592.5077777664144,
      "p90_abs": 2345.1291439805905,
      "p99_abs": 2404.995580632325,
      "l1": 1688219.416119983,
      "l2": 52317.13377552521
    },
    "cv_residual": {
      "mean": -0.009660551327967878,
      "std": 0.023090854871829682,
      "min": -0.17983790508862219,
      "max": 0.08363556495631916,
      "median": -0.00370906924853456,
      "p90_abs": 0.03770790371776339,
      "p99_abs": 0.10817429795391381,
      "l1": 19.830947705064748,
      "l2": 0.980981775525164
    },
    "fb": {
      "mean": -3.530806412579505e-11,
      "std": 9.162326806100035e-12,
      "min": -6.756517567652054e-11,
      "max": -1.9459989175629744e-11,
      "median": -3.2809199801420164e-11,
      "p90_abs": 4.748190729486623e-11,
      "p99_abs": 6.597219437409763e-11,
      "l1": 5.42331864972212e-08,
      "l2": 1.4296199885678785e-09
    }
  },
  "gradients": {
    "pressure_net": {
      "global_l2": 0.02776142124645129,
      "max_abs": 0.02069151213139424,
      "nonfinite": 0.0,
      "element_count": 118017.0
    },
    "gamma_net": {
      "global_l2": 3.772927949798507e-15,
      "max_abs": 4.0946760247521326e-16,
      "nonfinite": 0.0,
      "element_count": 118017.0
    }
  }
}