{
  "stage_index": 1,
  "stage_name": "cavitation_025",
  "global_epoch": 4250,
  "metrics": {
    "cv_mean_abs": 0.004963991524007862,
    "cv_p99": 0.03707796358146223,
    "cv_rmse": 0.008175755212388681,
    "global_flux_balance": 0.002458826768636302,
    "fb_mean_abs": 0.00011123304047909667,
    "fb_p99": 0.0006066425444369848,
    "max_p_times_gamma": 3.958973355957752e-05,
    "mean_p_times_gamma": 5.088069152529636e-06,
    "pressure_min": 0.0019216645445372024,
    "pressure_max": 0.10053173381421698,
    "gamma_min": 5.298113751181944e-08,
    "gamma_max": 0.0015146014399996337,
    "boundary_max_error": 1.3877787807814457e-17,
    "periodic_max_error": 1.1102230246251565e-16
  },
  "fields": {
    "pressure": {
      "mean": 0.03881697220760241,
      "std": 0.030992475999110192,
      "min": 0.0019216645445372024,
      "max": 0.10053173381421698,
      "median": 0.02518614796928001,
      "p90_abs": 0.09701838396161577,
      "p99_abs": 0.10027138009907118,
      "l1": 59.622869310877306,
      "l2": 1.9467302900707542
    },
    "gamma": {
      "mean": 0.00022694691123030983,
      "std": 0.00022680207751630768,
      "min": 5.298113751181944e-08,
      "max": 0.0015146014399996337,
      "median": 0.00018552788533942295,
      "p90_abs": 0.00045664786529637944,
      "p99_abs": 0.00126489507570012,
      "l1": 0.3485904556497559,
      "l2": 0.012574661478855562
    },
    "film": {
      "mean": 1.8954261064651725,
      "std": 0.9617152070794026,
      "min": 1.0000152603714278,
      "max": 3.753131624415628,
      "median": 1.4392115640367704,
      "p90_abs": 3.5445418282563494,
      "p99_abs": 3.7481629399639833,
      "l1": 2911.374499530505,
      "l2": 83.30027432380858
    },
    "q_radius": {
      "mean": 2.261472254317339,
      "std": 7.20094433127915,
      "min": -10.652615021079454,
      "max": 43.00353824850155,
      "median": -0.8815454729729111,
      "p90_abs": 12.399413857902761,
      "p99_abs": 28.77533294594928,
      "l1": 7650.45424460916,
      "l2": 295.80842930101727
    },
    "q_theta": {
      "mean": -274.0710578186498,
      "std": 142.8082020246571,
      "min": -565.9142324781583,
      "max": -136.72253573433142,
      "median": -210.4086989381363,
      "p90_abs": 514.0820607743722,
      "p99_abs": 558.8504252768931,
      "l1": 420973.1448094461,
      "l2": 12112.060911826691
    },
    "cv_residual": {
      "mean": 0.0024588267686363016,
      "std": 0.007797252350330741,
      "min": -0.023210198331436217,
      "max": 0.057110735092742636,
      "median": 0.0012756193570957984,
      "p90_abs": 0.011076476347866557,
      "p99_abs": 0.03707796358146223,
      "l1": 7.6246909808760766,
      "l2": 0.32042285651603486
    },
    "fb": {
      "mean": -2.916009769553462e-05,
      "std": 0.00017369702159482185,
      "min": -0.0011520668242615204,
      "max": 0.000538441365460024,
      "median": -1.6103666831870922e-05,
      "p90_abs": 0.0002830314161206271,
      "p99_abs": 0.0006066425444369848,
      "l1": 0.1708539501758925,
      "l2": 0.006902767902131332
    }
  },
  "gradients": {
    "pressure_net": {
      "global_l2": 0.004716907471463264,
      "max_abs": 0.002347785699020241,
      "nonfinite": 0.0,
      "element_count": 118017.0
    },
    "gamma_net": {
      "global_l2": 0.00011795984158758433,
      "max_abs": 2.22925747678438e-05,
      "nonfinite": 0.0,
      "element_count": 118017.0
    }
  }
}