{
  "stage_index": 3,
  "stage_name": "cavitation_075",
  "global_epoch": 9500,
  "metrics": {
    "cv_mean_abs": 0.009350829224463324,
    "cv_p99": 0.05482060600296007,
    "cv_rmse": 0.014582697190771418,
    "global_flux_balance": 0.005996439871294029,
    "fb_mean_abs": 1.1916170537155377e-08,
    "fb_p99": 8.609985473265217e-08,
    "max_p_times_gamma": 3.857354524658599e-09,
    "mean_p_times_gamma": 1.2099891519317578e-10,
    "pressure_min": 0.004353027222965838,
    "pressure_max": 0.15743181210437185,
    "gamma_min": 1.0259225406417664e-17,
    "gamma_max": 7.917595933558898e-08,
    "boundary_max_error": 1.3877787807814457e-17,
    "periodic_max_error": 1.1102230246251565e-16
  },
  "fields": {
    "pressure": {
      "mean": 0.07921800217083141,
      "std": 0.038784011571461274,
      "min": 0.004353027222965838,
      "max": 0.15743181210437185,
      "median": 0.08923177207580782,
      "p90_abs": 0.12401315526392145,
      "p99_abs": 0.1463511822690948,
      "l1": 121.67885133439705,
      "l2": 3.4568202185598413
    },
    "gamma": {
      "mean": 2.1082961246384706e-09,
      "std": 7.457366019110212e-09,
      "min": 1.0259225406417664e-17,
      "max": 7.917595933558898e-08,
      "median": 5.188465506121395e-11,
      "p90_abs": 3.941577786664078e-09,
      "p99_abs": 3.30399749218916e-08,
      "l1": 3.2383428474446907e-06,
      "l2": 3.037233785468863e-07
    },
    "film": {
      "mean": 1.8937028377983232,
      "std": 1.173833149256695,
      "min": 1.0000000000422833,
      "max": 3.9884408081566876,
      "median": 1.0909212710653684,
      "p90_abs": 3.931042360629202,
      "p99_abs": 3.9879805839366447,
      "l1": 2908.7275588582243,
      "l2": 87.3195044619209
    },
    "q_radius": {
      "mean": -13.694438896955818,
      "std": 23.02529294003086,
      "min": -65.4446082591781,
      "max": 14.491458308678274,
      "median": -2.836275981296837,
      "p90_abs": 55.79053102790244,
      "p99_abs": 63.346611412851296,
      "l1": 26088.353062199676,
      "l2": 1049.9475802607471
    },
    "q_theta": {
      "mean": -822.606850010659,
      "std": 521.2922595874757,
      "min": -1804.307120123487,
      "max": -410.1517958112805,
      "median": -478.432855523104,
      "p90_abs": 1714.9820475912065,
      "p99_abs": 1791.957629762303,
      "l1": 1263524.1216163721,
      "l2": 38167.85125954384
    },
    "cv_residual": {
      "mean": -0.005996439871294032,
      "std": 0.013292771201961156,
      "min": -0.07555470304029183,
      "max": 0.04575231682462711,
      "median": -0.0037739781247962275,
      "p90_abs": 0.023255752671379876,
      "p99_abs": 0.05482060600296007,
      "l1": 14.362873688775668,
      "l2": 0.5715226750545226
    },
    "fb": {
      "mean": -1.0074146819931428e-08,
      "std": 1.7912740912259255e-08,
      "min": -1.1485802371008491e-07,
      "max": 6.821109338472908e-08,
      "median": -5.1765891573296585e-09,
      "p90_abs": 3.048259584331747e-08,
      "p99_abs": 8.609985473265217e-08,
      "l1": 1.830323794507066e-05,
      "l2": 8.054420225378764e-07
    }
  },
  "gradients": {
    "pressure_net": {
      "global_l2": 0.013389679177345784,
      "max_abs": 0.008733934623147453,
      "nonfinite": 0.0,
      "element_count": 118017.0
    },
    "gamma_net": {
      "global_l2": 5.241310565934378e-10,
      "max_abs": 5.256883921008811e-11,
      "nonfinite": 0.0,
      "element_count": 118017.0
    }
  }
}