{
  "stage_index": 4,
  "stage_name": "true_physics",
  "global_epoch": 12000,
  "metrics": {
    "cv_mean_abs": 0.01981861052137618,
    "cv_p99": 0.146768000370983,
    "cv_rmse": 0.03704850111002531,
    "global_flux_balance": 0.008971384458995464,
    "fb_mean_abs": 3.7605130670294765e-11,
    "fb_p99": 6.522716256007756e-11,
    "max_p_times_gamma": 1.1222679492589329e-14,
    "mean_p_times_gamma": 1.6283660964190728e-16,
    "pressure_min": 0.0741966841369175,
    "pressure_max": 0.24493404886026443,
    "gamma_min": 4.058573318464268e-57,
    "gamma_max": 1.1557853154162187e-13,
    "boundary_max_error": 1.3877787807814457e-17,
    "periodic_max_error": 8.326672684688674e-17
  },
  "fields": {
    "pressure": {
      "mean": 0.13876511234825065,
      "std": 0.02834462845404415,
      "min": 0.0741966841369175,
      "max": 0.24493404886026443,
      "median": 0.13739184271093513,
      "p90_abs": 0.17353359770753535,
      "p99_abs": 0.2203160142746544,
      "l1": 213.143212566913,
      "l2": 5.550755969059583
    },
    "gamma": {
      "mean": 1.4143598188935648e-15,
      "std": 9.555341928022842e-15,
      "min": 4.058573318464268e-57,
      "max": 1.1557853154162187e-13,
      "median": 4.4388848382064406e-23,
      "p90_abs": 5.466114998077121e-17,
      "p99_abs": 6.036682382207453e-14,
      "l1": 2.1724566818205156e-12,
      "l2": 3.7857157661162604e-13
    },
    "film": {
      "mean": 1.89356406199902,
      "std": 1.275972772247359,
      "min": 1.0,
      "max": 3.9999775984656525,
      "median": 1.0031893195177075,
      "p90_abs": 3.9986337107160033,
      "p99_abs": 3.999974410290386,
      "l1": 2908.5143992304947,
      "l2": 89.48871408184972
    },
    "q_radius": {
      "mean": -18.455291318620862,
      "std": 31.58307158460827,
      "min": -114.26346422126721,
      "max": 10.207579942235663,
      "median": -1.236852255483457,
      "p90_abs": 76.20802074908399,
      "p99_abs": 95.8321164367371,
      "l1": 31736.68812456756,
      "l2": 1433.6329576784747
    },
    "q_theta": {
      "mean": -1099.2467567190108,
      "std": 757.7656908213866,
      "min": -2412.8624572615663,
      "max": -546.7925647761793,
      "median": -592.3819238078365,
      "p90_abs": 2342.5443446961926,
      "p99_abs": 2407.186591436304,
      "l1": 1688443.0183204005,
      "l2": 52325.904611303886
    },
    "cv_residual": {
      "mean": -0.008971384458995466,
      "std": 0.03594587174333712,
      "min": -0.21066409928981106,
      "max": 0.1480494043092627,
      "median": -0.0034833117638988125,
      "p90_abs": 0.062433155796517495,
      "p99_abs": 0.146768000370983,
      "l1": 30.44138576083381,
      "l2": 1.4519987752719712
    },
    "fb": {
      "mean": -3.760513067029477e-11,
      "std": 8.109145468580113e-12,
      "min": -6.738842817100021e-11,
      "max": -2.0413448709177828e-11,
      "median": -3.639222256879293e-11,
      "p90_abs": 4.7536752312282715e-11,
      "p99_abs": 6.522716256007756e-11,
      "l1": 5.7761480709572766e-08,
      "l2": 1.5076911775252204e-09
    }
  },
  "gradients": {
    "pressure_net": {
      "global_l2": 0.013695907022321162,
      "max_abs": 0.005430639663464447,
      "nonfinite": 0.0,
      "element_count": 118017.0
    },
    "gamma_net": {
      "global_l2": 2.0812184634469224e-15,
      "max_abs": 1.9737898547426138e-16,
      "nonfinite": 0.0,
      "element_count": 118017.0
    }
  }
}