{
  "stage_index": 4,
  "stage_name": "true_physics",
  "global_epoch": 11750,
  "metrics": {
    "cv_mean_abs": 0.021365992911408276,
    "cv_p99": 0.14983020360813018,
    "cv_rmse": 0.040240660754448335,
    "global_flux_balance": 0.0076564163512299185,
    "fb_mean_abs": 3.910530869029778e-11,
    "fb_p99": 6.544342290304429e-11,
    "max_p_times_gamma": 4.2452400013126224e-13,
    "mean_p_times_gamma": 6.30031635708217e-15,
    "pressure_min": 0.07304300899951291,
    "pressure_max": 0.2581687224074986,
    "gamma_min": 2.3764116680145508e-40,
    "gamma_max": 4.0759495274689475e-12,
    "boundary_max_error": 1.3877787807814457e-17,
    "periodic_max_error": 1.3877787807814457e-16
  },
  "fields": {
    "pressure": {
      "mean": 0.13311932106683685,
      "std": 0.02767228029560558,
      "min": 0.07304300899951291,
      "max": 0.2581687224074986,
      "median": 0.1299536591222102,
      "p90_abs": 0.1667915575908799,
      "p99_abs": 0.21905184501963734,
      "l1": 204.4712771586614,
      "l2": 5.328721931350066
    },
    "gamma": {
      "mean": 5.488139029109381e-14,
      "std": 3.156145198206054e-13,
      "min": 2.3764116680145508e-40,
      "max": 4.0759495274689475e-12,
      "median": 1.0442769488172076e-18,
      "p90_abs": 3.674328779080848e-14,
      "p99_abs": 1.5822545236760005e-12,
      "l1": 8.429781548712009e-11,
      "l2": 1.2555127235484295e-11
    },
    "film": {
      "mean": 1.89356406199902,
      "std": 1.275972772247359,
      "min": 1.0,
      "max": 3.9999775984656525,
      "median": 1.0031893195177075,
      "p90_abs": 3.9986337107160033,
      "p99_abs": 3.999974410290386,
      "l1": 2908.5143992304947,
      "l2": 89.48871408184972
    },
    "q_radius": {
      "mean": -17.640985531010937,
      "std": 29.638471504206418,
      "min": -100.5465682305981,
      "max": 11.609517084968756,
      "median": -1.1389202285795803,
      "p90_abs": 69.145946380942,
      "p99_abs": 89.966766157409,
      "l1": 30235.741323496746,
      "l2": 1351.7737260749248
    },
    "q_theta": {
      "mean": -1099.1790060796523,
      "std": 757.6605234990022,
      "min": -2412.797946741127,
      "max": -546.754581119769,
      "median": -592.3833080770635,
      "p90_abs": 2340.8041003815933,
      "p99_abs": 2406.206589995627,
      "l1": 1688338.9533383457,
      "l2": 52321.3791565021
    },
    "cv_residual": {
      "mean": -0.00765641635122991,
      "std": 0.039505570070702906,
      "min": -0.27368783586839995,
      "max": 0.16218746754011393,
      "median": -0.0026128538102706887,
      "p90_abs": 0.06744879490399598,
      "p99_abs": 0.14983020360813018,
      "l1": 32.818165111923115,
      "l2": 1.5771053721734205
    },
    "fb": {
      "mean": -3.910530869029779e-11,
      "std": 8.076377604028863e-12,
      "min": -6.845279898470835e-11,
      "max": -1.936717453077108e-11,
      "median": -3.838440676418031e-11,
      "p90_abs": 4.836964162535651e-11,
      "p99_abs": 6.544342290304429e-11,
      "l1": 6.00657541482974e-08,
      "l2": 1.564953633177768e-09
    }
  },
  "gradients": {
    "pressure_net": {
      "global_l2": 0.02519107880614154,
      "max_abs": 0.015571809835943508,
      "nonfinite": 0.0,
      "element_count": 118017.0
    },
    "gamma_net": {
      "global_l2": 2.8467165323064507e-14,
      "max_abs": 2.1732518414717376e-15,
      "nonfinite": 0.0,
      "element_count": 118017.0
    }
  }
}