{
  "stage_index": 4,
  "stage_name": "true_physics",
  "global_epoch": 12750,
  "metrics": {
    "cv_mean_abs": 0.018321423451059277,
    "cv_p99": 0.1334834611981634,
    "cv_rmse": 0.03492656204218626,
    "global_flux_balance": 0.008888209158434794,
    "fb_mean_abs": 3.712182854223126e-11,
    "fb_p99": 6.566017174414186e-11,
    "max_p_times_gamma": 1.2773794646075971e-14,
    "mean_p_times_gamma": 1.684269373063076e-16,
    "pressure_min": 0.07434463253410473,
    "pressure_max": 0.21700216214766982,
    "gamma_min": 4.0585744177919036e-57,
    "gamma_max": 1.1557858074492325e-13,
    "boundary_max_error": 1.3877787807814457e-17,
    "periodic_max_error": 8.326672684688674e-17
  },
  "fields": {
    "pressure": {
      "mean": 0.14059275384332928,
      "std": 0.028294468863010305,
      "min": 0.07434463253410473,
      "max": 0.21700216214766982,
      "median": 0.13997446144117245,
      "p90_abs": 0.17471477036912048,
      "p99_abs": 0.2128618774666281,
      "l1": 215.9504699033538,
      "l2": 5.620565583701513
    },
    "gamma": {
      "mean": 1.4143602777823624e-15,
      "std": 9.555345288789006e-15,
      "min": 4.0585744177919036e-57,
      "max": 1.1557858074492325e-13,
      "median": 4.438885235782223e-23,
      "p90_abs": 5.466115933439841e-17,
      "p99_abs": 6.03668544281028e-14,
      "l1": 2.1724573866737087e-12,
      "l2": 3.7857170953998517e-13
    },
    "film": {
      "mean": 1.89356406199902,
      "std": 1.275972772247359,
      "min": 1.0,
      "max": 3.9999775984656525,
      "median": 1.0031893195177075,
      "p90_abs": 3.9986337107160033,
      "p99_abs": 3.999974410290386,
      "l1": 2908.5143992304947,
      "l2": 89.48871408184972
    },
    "q_radius": {
      "mean": -18.78299064815486,
      "std": 31.65853395546254,
      "min": -95.58020306457175,
      "max": 8.114807651541895,
      "median": -1.3957764771583339,
      "p90_abs": 75.8895121489087,
      "p99_abs": 89.64532686843256,
      "l1": 32329.888779658606,
      "l2": 1442.698011090018
    },
    "q_theta": {
      "mean": -1099.2285803554396,
      "std": 757.7390516358068,
      "min": -2412.751770631622,
      "max": -546.8360409036447,
      "median": -592.3376967638778,
      "p90_abs": 2346.1691955658557,
      "p99_abs": 2405.1957000585967,
      "l1": 1688415.0994259552,
      "l2": 52324.72554430688
    },
    "cv_residual": {
      "mean": -0.008888209158434801,
      "std": 0.03377668536198604,
      "min": -0.19667612211572327,
      "max": 0.13382213997301132,
      "median": -0.00400913281743692,
      "p90_abs": 0.057488348064263416,
      "p99_abs": 0.1334834611981634,
      "l1": 28.141706420827052,
      "l2": 1.3688360875682486
    },
    "fb": {
      "mean": -3.712182854223126e-11,
      "std": 8.153158324839667e-12,
      "min": -6.72543132296255e-11,
      "max": -2.304112456386065e-11,
      "median": -3.57199825273824e-11,
      "p90_abs": 4.7171266892576114e-11,
      "p99_abs": 6.566017174414186e-11,
      "l1": 5.701912864086722e-08,
      "l2": 1.4895497194463402e-09
    }
  },
  "gradients": {
    "pressure_net": {
      "global_l2": 0.03934510056908726,
      "max_abs": 0.022081252805699624,
      "nonfinite": 0.0,
      "element_count": 118017.0
    },
    "gamma_net": {
      "global_l2": 6.064691098821384e-15,
      "max_abs": 7.009778855595336e-16,
      "nonfinite": 0.0,
      "element_count": 118017.0
    }
  }
}