{
  "stage_index": 2,
  "stage_name": "cavitation_050",
  "global_epoch": 6500,
  "metrics": {
    "cv_mean_abs": 0.0030166702454600563,
    "cv_p99": 0.01321543566215827,
    "cv_rmse": 0.0044092318788470745,
    "global_flux_balance": 0.0009210575693413478,
    "fb_mean_abs": 9.012142330189672e-07,
    "fb_p99": 2.886808713312151e-06,
    "max_p_times_gamma": 1.6414323719948375e-07,
    "mean_p_times_gamma": 1.4908328146223657e-08,
    "pressure_min": 0.011264249920393255,
    "pressure_max": 0.11422462651399609,
    "gamma_min": 1.6913497907295615e-14,
    "gamma_max": 3.437634503431261e-06,
    "boundary_max_error": 1.3877787807814457e-17,
    "periodic_max_error": 6.938893903907228e-17
  },
  "fields": {
    "pressure": {
      "mean": 0.05762028142544437,
      "std": 0.03130432530631954,
      "min": 0.011264249920393255,
      "max": 0.11422462651399609,
      "median": 0.05497458082089626,
      "p90_abs": 0.10362404959807936,
      "p99_abs": 0.11197200806205745,
      "l1": 88.50475226948255,
      "l2": 2.5699977618212935
    },
    "gamma": {
      "mean": 4.2549507294535585e-07,
      "std": 6.267063053898812e-07,
      "min": 1.6913497907295615e-14,
      "max": 3.437634503431261e-06,
      "median": 1.3179999785475428e-07,
      "p90_abs": 1.4303907045755572e-06,
      "p99_abs": 2.5398277542339796e-06,
      "l1": 0.0006535604320440666,
      "l2": 2.968783121222729e-05
    },
    "film": {
      "mean": 1.8954261064651725,
      "std": 0.9617152070794026,
      "min": 1.0000152603714278,
      "max": 3.753131624415628,
      "median": 1.4392115640367704,
      "p90_abs": 3.5445418282563494,
      "p99_abs": 3.7481629399639833,
      "l1": 2911.374499530505,
      "l2": 83.30027432380858
    },
    "q_radius": {
      "mean": -3.1164599209324244,
      "std": 10.493042349474191,
      "min": -27.26154673355378,
      "max": 15.835767197184369,
      "median": -1.319575164757497,
      "p90_abs": 20.90711877385033,
      "p99_abs": 25.60013363249399,
      "l1": 11871.052415624888,
      "l2": 428.9962419959811
    },
    "q_theta": {
      "mean": -549.0255747331363,
      "std": 286.84225066923545,
      "min": -1131.8316191937383,
      "max": -273.41107913172505,
      "median": -420.6952484272224,
      "p90_abs": 1035.5409706141966,
      "p99_abs": 1118.483633726522,
      "l1": 843303.2827900974,
      "l2": 24277.042855861713
    },
    "cv_residual": {
      "mean": -0.0009210575693413449,
      "std": 0.004311957643043391,
      "min": -0.01573098555288516,
      "max": 0.02167226554736366,
      "median": -0.000629183366538422,
      "p90_abs": 0.0077768071943633554,
      "p99_abs": 0.01321543566215827,
      "l1": 4.633605497026647,
      "l2": 0.17280589217261616
    },
    "fb": {
      "mean": -8.67525664904571e-07,
      "std": 7.177683374951357e-07,
      "min": -3.1247467642409044e-06,
      "max": 1.5053240037254945e-06,
      "median": -6.540627909418228e-07,
      "p90_abs": 1.9680291882678835e-06,
      "p99_abs": 2.886808713312151e-06,
      "l1": 0.0013842650619171337,
      "l2": 4.412854820100934e-05
    }
  },
  "gradients": {
    "pressure_net": {
      "global_l2": 0.001908392107730285,
      "max_abs": 0.0011626344354011126,
      "nonfinite": 0.0,
      "element_count": 118017.0
    },
    "gamma_net": {
      "global_l2": 6.284756104330205e-09,
      "max_abs": 9.415919212392263e-10,
      "nonfinite": 0.0,
      "element_count": 118017.0
    }
  }
}