{
  "stage_index": 4,
  "stage_name": "true_physics",
  "global_epoch": 15000,
  "metrics": {
    "cv_mean_abs": 0.013215074162088775,
    "cv_p99": 0.10416016415960616,
    "cv_rmse": 0.025918712076417987,
    "global_flux_balance": 0.009491637273605321,
    "fb_mean_abs": 3.5775218724942714e-11,
    "fb_p99": 6.638432026306875e-11,
    "max_p_times_gamma": 1.2257697053904193e-14,
    "mean_p_times_gamma": 1.7106976523111542e-16,
    "pressure_min": 0.07327884566040929,
    "pressure_max": 0.253173265969041,
    "gamma_min": 4.0585714266112857e-57,
    "gamma_max": 1.1557851087371523e-13,
    "boundary_max_error": 1.3877787807814457e-17,
    "periodic_max_error": 8.326672684688674e-17
  },
  "fields": {
    "pressure": {
      "mean": 0.14759837646104276,
      "std": 0.032337718196776506,
      "min": 0.07327884566040929,
      "max": 0.253173265969041,
      "median": 0.15019481352721975,
      "p90_abs": 0.1909393624640593,
      "p99_abs": 0.2225403623163154,
      "l1": 226.7111062441617,
      "l2": 5.921860302577282
    },
    "gamma": {
      "mean": 1.4143592981434272e-15,
      "std": 9.555338842962505e-15,
      "min": 4.0585714266112857e-57,
      "max": 1.1557851087371523e-13,
      "median": 4.4388839189187554e-23,
      "p90_abs": 5.466113524306548e-17,
      "p99_abs": 6.036680544353399e-14,
      "l1": 2.172455881948304e-12,
      "l2": 3.7857145401723006e-13
    },
    "film": {
      "mean": 1.89356406199902,
      "std": 1.275972772247359,
      "min": 1.0,
      "max": 3.9999775984656525,
      "median": 1.0031893195177075,
      "p90_abs": 3.9986337107160033,
      "p99_abs": 3.999974410290386,
      "l1": 2908.5143992304947,
      "l2": 89.48871408184972
    },
    "q_radius": {
      "mean": -21.10012541924064,
      "std": 35.30557559722621,
      "min": -102.01818411573653,
      "max": 24.158557616208906,
      "median": -1.3961816013157669,
      "p90_abs": 86.22658044928383,
      "p99_abs": 99.28251403381124,
      "l1": 37056.24399485033,
      "l2": 1611.9707205880752
    },
    "q_theta": {
      "mean": -1099.1108695935611,
      "std": 757.5882573433473,
      "min": -2412.7198942857517,
      "max": -546.8625959755493,
      "median": -592.4967569147775,
      "p90_abs": 2345.134980750475,
      "p99_abs": 2404.9834215989263,
      "l1": 1688234.29569571,
      "l2": 52317.573100751746
    },
    "cv_residual": {
      "mean": -0.009491637273605328,
      "std": 0.024118218374634594,
      "min": -0.20097814394205343,
      "max": 0.08457762621381942,
      "median": -0.0034098265439917504,
      "p90_abs": 0.03879266756508651,
      "p99_abs": 0.10416016415960616,
      "l1": 20.29835391296836,
      "l2": 1.0158019100373816
    },
    "fb": {
      "mean": -3.5775218724942714e-11,
      "std": 9.136061499750571e-12,
      "min": -6.823253073662272e-11,
      "max": -1.9749535340451985e-11,
      "median": -3.3288483081150844e-11,
      "p90_abs": 4.754130422668368e-11,
      "p99_abs": 6.638432026306875e-11,
      "l1": 5.495073596151201e-08,
      "l2": 1.4470939368336405e-09
    }
  },
  "gradients": {
    "pressure_net": {
      "global_l2": 0.037941913405281746,
      "max_abs": 0.02545040789954827,
      "nonfinite": 0.0,
      "element_count": 118017.0
    },
    "gamma_net": {
      "global_l2": 2.236398365296105e-15,
      "max_abs": 1.5617167062642515e-16,
      "nonfinite": 0.0,
      "element_count": 118017.0
    }
  }
}