{
  "stage_index": 1,
  "stage_name": "cavitation_025",
  "global_epoch": 3250,
  "metrics": {
    "cv_mean_abs": 0.006884819641373209,
    "cv_p99": 0.05237153655747806,
    "cv_rmse": 0.01150002287831345,
    "global_flux_balance": 0.002388890122367306,
    "fb_mean_abs": 0.0003128734479739033,
    "fb_p99": 0.0019449173617675046,
    "max_p_times_gamma": 5.477581920604373e-05,
    "mean_p_times_gamma": 7.1296084566324165e-06,
    "pressure_min": 0.00043069571590224274,
    "pressure_max": 0.10066021049249245,
    "gamma_min": 8.377305785819335e-08,
    "gamma_max": 0.004705842774123414,
    "boundary_max_error": 1.3877787807814457e-17,
    "periodic_max_error": 9.367506770274758e-17
  },
  "fields": {
    "pressure": {
      "mean": 0.03556401124774203,
      "std": 0.033024840968788306,
      "min": 0.00043069571590224274,
      "max": 0.10066021049249245,
      "median": 0.02088819919658913,
      "p90_abs": 0.09749278598588758,
      "p99_abs": 0.10027690544505533,
      "l1": 54.626321276531755,
      "l2": 1.9020920929803788
    },
    "gamma": {
      "mean": 0.0004249083251953864,
      "std": 0.0005792237502540672,
      "min": 8.377305785819335e-08,
      "max": 0.004705842774123414,
      "median": 0.00027245873140789275,
      "p90_abs": 0.0008706562448103099,
      "p99_abs": 0.003261749575380835,
      "l1": 0.6526591875001135,
      "l2": 0.028154014937030486
    },
    "film": {
      "mean": 1.8954261064651725,
      "std": 0.9617152070794026,
      "min": 1.0000152603714278,
      "max": 3.753131624415628,
      "median": 1.4392115640367704,
      "p90_abs": 3.5445418282563494,
      "p99_abs": 3.7481629399639833,
      "l1": 2911.374499530505,
      "l2": 83.30027432380858
    },
    "q_radius": {
      "mean": 2.5919018788984194,
      "std": 8.195180975392494,
      "min": -10.240191743645768,
      "max": 55.293205810162135,
      "median": -0.9538821050333304,
      "p90_abs": 13.131252471166755,
      "p99_abs": 34.42305425935022,
      "l1": 8445.944818509612,
      "l2": 336.8650500280522
    },
    "q_theta": {
      "mean": -273.95648064083866,
      "std": 142.69924732145674,
      "min": -565.7409468627176,
      "max": -136.72024353049338,
      "median": -209.98153003754695,
      "p90_abs": 514.024581770643,
      "p99_abs": 559.1757880822756,
      "l1": 420797.1542643282,
      "l2": 12106.105522908712
    },
    "cv_residual": {
      "mean": 0.0023888901223673045,
      "std": 0.01124916575506774,
      "min": -0.06971000350495515,
      "max": 0.09587335590471457,
      "median": 0.0014686910051661132,
      "p90_abs": 0.01553231996750103,
      "p99_abs": 0.05237153655747806,
      "l1": 10.57508296914925,
      "l2": 0.4507070093152109
    },
    "fb": {
      "mean": -3.33586189783006e-05,
      "std": 0.0005448389274297863,
      "min": -0.0029806606274008288,
      "max": 0.0027822498902513038,
      "median": 1.8801970226495213e-05,
      "p90_abs": 0.0008418121742362859,
      "p99_abs": 0.0019449173617675046,
      "l1": 0.48057361608791543,
      "l2": 0.021393223754483017
    }
  },
  "gradients": {
    "pressure_net": {
      "global_l2": 0.0016744168556313847,
      "max_abs": 0.0007349627516336718,
      "nonfinite": 0.0,
      "element_count": 118017.0
    },
    "gamma_net": {
      "global_l2": 0.00024991059289370624,
      "max_abs": 3.754265483719068e-05,
      "nonfinite": 0.0,
      "element_count": 118017.0
    }
  }
}