{
  "stage_index": 3,
  "stage_name": "cavitation_075",
  "global_epoch": 8250,
  "metrics": {
    "cv_mean_abs": 0.012747892143714164,
    "cv_p99": 0.06812274065332477,
    "cv_rmse": 0.019547908842591572,
    "global_flux_balance": 0.00462125974607377,
    "fb_mean_abs": 2.3162558737839668e-06,
    "fb_p99": 1.5553593563460994e-05,
    "max_p_times_gamma": 1.6587035314310698e-06,
    "mean_p_times_gamma": 1.2318390090758718e-07,
    "pressure_min": 0.013385439870204343,
    "pressure_max": 0.16327723126426713,
    "gamma_min": 9.825871543140867e-13,
    "gamma_max": 1.9121805745881503e-05,
    "boundary_max_error": 1.3877787807814457e-17,
    "periodic_max_error": 5.551115123125783e-17
  },
  "fields": {
    "pressure": {
      "mean": 0.07665578229676581,
      "std": 0.03666451026459898,
      "min": 0.013385439870204343,
      "max": 0.16327723126426713,
      "median": 0.07459314017625662,
      "p90_abs": 0.1242553296603458,
      "p99_abs": 0.15325317914482142,
      "l1": 117.74328160783229,
      "l2": 3.3302443061308655
    },
    "gamma": {
      "mean": 2.3239221970553424e-06,
      "std": 3.479770508547062e-06,
      "min": 9.825871543140867e-13,
      "max": 1.9121805745881503e-05,
      "median": 7.934746473546967e-07,
      "p90_abs": 7.046216140040382e-06,
      "p99_abs": 1.556846917123116e-05,
      "l1": 0.003569544494677006,
      "l2": 0.000163995319364014
    },
    "film": {
      "mean": 1.8937028377983232,
      "std": 1.173833149256695,
      "min": 1.0000000000422833,
      "max": 3.9884408081566876,
      "median": 1.0909212710653684,
      "p90_abs": 3.931042360629202,
      "p99_abs": 3.9879805839366447,
      "l1": 2908.7275588582243,
      "l2": 87.3195044619209
    },
    "q_radius": {
      "mean": -14.104134115064051,
      "std": 24.076055516660713,
      "min": -77.19846187823563,
      "max": 11.445257539693188,
      "median": -1.6945093841233096,
      "p90_abs": 56.343338619177715,
      "p99_abs": 74.66543202757477,
      "l1": 25719.820240826783,
      "l2": 1093.573757140842
    },
    "q_theta": {
      "mean": -822.749734953865,
      "std": 521.5229454408762,
      "min": -1804.3468206871469,
      "max": -410.14477212981905,
      "median": -478.3484641533489,
      "p90_abs": 1716.352456523469,
      "p99_abs": 1791.6084584835169,
      "l1": 1263743.5928891366,
      "l2": 38177.42110993802
    },
    "cv_residual": {
      "mean": -0.004621259746073759,
      "std": 0.018993806845326925,
      "min": -0.08869847042507163,
      "max": 0.066922182080306,
      "median": -0.0031607913300505126,
      "p90_abs": 0.032462333495170484,
      "p99_abs": 0.06812274065332477,
      "l1": 19.580762332744957,
      "l2": 0.7661184352446182
    },
    "fb": {
      "mean": 2.3147904421463123e-06,
      "std": 3.4767247862572e-06,
      "min": -1.3308710800075119e-08,
      "max": 1.9107714952892874e-05,
      "median": 7.874064533730518e-07,
      "p90_abs": 7.025144722241916e-06,
      "p99_abs": 1.5553593563460994e-05,
      "l1": 0.0035577690221321734,
      "l2": 0.00016369745375764406
    }
  },
  "gradients": {
    "pressure_net": {
      "global_l2": 0.010562536817616004,
      "max_abs": 0.006605352298494581,
      "nonfinite": 0.0,
      "element_count": 118017.0
    },
    "gamma_net": {
      "global_l2": 1.2938229193185084e-07,
      "max_abs": 1.4474855758917682e-08,
      "nonfinite": 0.0,
      "element_count": 118017.0
    }
  }
}