{
  "stage_index": 2,
  "stage_name": "cavitation_050",
  "global_epoch": 7500,
  "metrics": {
    "cv_mean_abs": 0.0024818709261645987,
    "cv_p99": 0.011989550348548064,
    "cv_rmse": 0.0037224315731361575,
    "global_flux_balance": 0.0009759277269250438,
    "fb_mean_abs": 8.813467821733106e-07,
    "fb_p99": 4.045092928793573e-06,
    "max_p_times_gamma": 2.166395380459252e-07,
    "mean_p_times_gamma": 2.897641690736803e-08,
    "pressure_min": 0.007875237490945671,
    "pressure_max": 0.1169058985282643,
    "gamma_min": 5.976103652795924e-14,
    "gamma_max": 5.142902388802497e-06,
    "boundary_max_error": 1.3877787807814457e-17,
    "periodic_max_error": 6.245004513516506e-17
  },
  "fields": {
    "pressure": {
      "mean": 0.05842478428579067,
      "std": 0.033100200306612974,
      "min": 0.007875237490945671,
      "max": 0.1169058985282643,
      "median": 0.0579337297058804,
      "p90_abs": 0.10417204027030921,
      "p99_abs": 0.11146609770809901,
      "l1": 89.74046866297446,
      "l2": 2.631718991689473
    },
    "gamma": {
      "mean": 8.620267355125413e-07,
      "std": 1.233256421802773e-06,
      "min": 5.976103652795924e-14,
      "max": 5.142902388802497e-06,
      "median": 2.6089120225689675e-07,
      "p90_abs": 3.0428239225639084e-06,
      "p99_abs": 4.492639470794021e-06,
      "l1": 0.0013240730657472634,
      "l2": 5.8970515139278754e-05
    },
    "film": {
      "mean": 1.8954261064651725,
      "std": 0.9617152070794026,
      "min": 1.0000152603714278,
      "max": 3.753131624415628,
      "median": 1.4392115640367704,
      "p90_abs": 3.5445418282563494,
      "p99_abs": 3.7481629399639833,
      "l1": 2911.374499530505,
      "l2": 83.30027432380858
    },
    "q_radius": {
      "mean": -3.3322392653552755,
      "std": 10.810794030436528,
      "min": -28.604864326799287,
      "max": 16.01925478070843,
      "median": -1.385563033371736,
      "p90_abs": 21.570925463168358,
      "p99_abs": 27.524360531944936,
      "l1": 12296.537219051568,
      "l2": 443.3653169051339
    },
    "q_theta": {
      "mean": -548.9790814675463,
      "std": 286.77821985974515,
      "min": -1131.8344005405318,
      "max": -273.41423991461994,
      "median": -420.6344507613552,
      "p90_abs": 1035.1652025027367,
      "p99_abs": 1118.4732785807482,
      "l1": 843231.8691341511,
      "l2": 24274.265817243748
    },
    "cv_residual": {
      "mean": -0.0009759277269250412,
      "std": 0.003592222416346161,
      "min": -0.014129143225704709,
      "max": 0.015100080561299255,
      "median": -0.0005578691222754309,
      "p90_abs": 0.006679884991407524,
      "p99_abs": 0.011989550348548064,
      "l1": 3.8121537425888237,
      "l2": 0.1458889273057483
    },
    "fb": {
      "mean": -5.790670539481689e-07,
      "std": 1.0836729617270858e-06,
      "min": -4.370444718571065e-06,
      "max": 2.3096903625230425e-06,
      "median": -4.672194775512395e-07,
      "p90_abs": 2.028052189087526e-06,
      "p99_abs": 4.045092928793573e-06,
      "l1": 0.001353748657418205,
      "l2": 4.815440351716472e-05
    }
  },
  "gradients": {
    "pressure_net": {
      "global_l2": 0.0002410560076797438,
      "max_abs": 0.00011169175225591481,
      "nonfinite": 0.0,
      "element_count": 118017.0
    },
    "gamma_net": {
      "global_l2": 1.2083843657615518e-08,
      "max_abs": 1.1895514145647352e-09,
      "nonfinite": 0.0,
      "element_count": 118017.0
    }
  }
}