{
  "stage_index": 2,
  "stage_name": "cavitation_050",
  "global_epoch": 5001,
  "metrics": {
    "cv_mean_abs": 0.009730364306040616,
    "cv_p99": 0.03965962232162073,
    "cv_rmse": 0.014148839768723302,
    "global_flux_balance": 0.002299428064219006,
    "fb_mean_abs": 0.00018693224462750058,
    "fb_p99": 0.0010254250855211843,
    "max_p_times_gamma": 5.296306375265207e-05,
    "mean_p_times_gamma": 4.932654697691021e-06,
    "pressure_min": 0.002894360923303247,
    "pressure_max": 0.1007461549950774,
    "gamma_min": 5.740977990874612e-08,
    "gamma_max": 0.0012017867622499023,
    "boundary_max_error": 1.3877787807814457e-17,
    "periodic_max_error": 1.249000902703301e-16
  },
  "fields": {
    "pressure": {
      "mean": 0.04105788565916246,
      "std": 0.029992664568953102,
      "min": 0.002894360923303247,
      "max": 0.1007461549950774,
      "median": 0.028470001108139967,
      "p90_abs": 0.09737685611523242,
      "p99_abs": 0.10042091495501279,
      "l1": 63.06491237247354,
      "l2": 1.9927458469706487
    },
    "gamma": {
      "mean": 0.00018939384162588343,
      "std": 0.00018559273042562802,
      "min": 5.740977990874612e-08,
      "max": 0.0012017867622499023,
      "median": 0.00016295729269546385,
      "p90_abs": 0.000361001133397163,
      "p99_abs": 0.0010536498332165388,
      "l1": 0.29090894073735696,
      "l2": 0.010392466600713735
    },
    "film": {
      "mean": 1.8954261064651725,
      "std": 0.9617152070794026,
      "min": 1.0000152603714278,
      "max": 3.753131624415628,
      "median": 1.4392115640367704,
      "p90_abs": 3.5445418282563494,
      "p99_abs": 3.7481629399639833,
      "l1": 2911.374499530505,
      "l2": 83.30027432380858
    },
    "q_radius": {
      "mean": 2.003453938430644,
      "std": 7.090944572820686,
      "min": -9.681108789259254,
      "max": 41.72604566900398,
      "median": -0.922615044074049,
      "p90_abs": 11.954929607472252,
      "p99_abs": 27.356855405366137,
      "l1": 7495.268115554902,
      "l2": 288.78645318227586
    },
    "q_theta": {
      "mean": -549.1008982142912,
      "std": 287.0991039844466,
      "min": -1131.7979465785597,
      "max": -273.4448214020867,
      "median": -420.5111141442836,
      "p90_abs": 1036.205047668431,
      "p99_abs": 1117.7435677065885,
      "l1": 843418.9796571513,
      "l2": 24284.321995930688
    },
    "cv_residual": {
      "mean": 0.0022994280642190056,
      "std": 0.013960741290436124,
      "min": -0.0431632564687453,
      "max": 0.07355609049802259,
      "median": 0.0010127105176063445,
      "p90_abs": 0.025017460249548568,
      "p99_abs": 0.03965962232162073,
      "l1": 14.94583957407839,
      "l2": 0.5545190061723271
    },
    "fb": {
      "mean": 0.00018691217011937704,
      "std": 0.00018302133652963316,
      "min": -1.5347517622471551e-06,
      "max": 0.0011699675710118568,
      "median": 0.0001613689277110697,
      "p90_abs": 0.00035773044148149774,
      "p99_abs": 0.0010254250855211843,
      "l1": 0.2871279277478409,
      "l2": 0.010252465085453357
    }
  },
  "gradients": {
    "pressure_net": {
      "global_l2": 0.025555572087392887,
      "max_abs": 0.0134628465080749,
      "nonfinite": 0.0,
      "element_count": 118017.0
    },
    "gamma_net": {
      "global_l2": 2.0656391573387542e-05,
      "max_abs": 4.25520155080068e-06,
      "nonfinite": 0.0,
      "element_count": 118017.0
    }
  }
}