{
  "stage_index": 4,
  "stage_name": "true_physics",
  "global_epoch": 16000,
  "metrics": {
    "cv_mean_abs": 0.012645702047758231,
    "cv_p99": 0.10615289184013466,
    "cv_rmse": 0.02494257953196144,
    "global_flux_balance": 0.00964224287077054,
    "fb_mean_abs": 3.5426933016220276e-11,
    "fb_p99": 6.61118881861711e-11,
    "max_p_times_gamma": 1.2166593507479632e-14,
    "mean_p_times_gamma": 1.709152724737356e-16,
    "pressure_min": 0.0738804514475582,
    "pressure_max": 0.2564149560255082,
    "gamma_min": 4.058571572898667e-57,
    "gamma_max": 1.1557851059648896e-13,
    "boundary_max_error": 1.3877787807814457e-17,
    "periodic_max_error": 8.326672684688674e-17
  },
  "fields": {
    "pressure": {
      "mean": 0.14927881905950896,
      "std": 0.03314128833084498,
      "min": 0.0738804514475582,
      "max": 0.2564149560255082,
      "median": 0.15204252054587575,
      "p90_abs": 0.19291175467833424,
      "p99_abs": 0.2261772146322398,
      "l1": 229.29226607540576,
      "l2": 5.992957250579867
    },
    "gamma": {
      "mean": 1.4143593423959286e-15,
      "std": 9.555339063187098e-15,
      "min": 4.058571572898667e-57,
      "max": 1.1557851059648896e-13,
      "median": 4.4388839941929474e-23,
      "p90_abs": 5.4661135565407693e-17,
      "p99_abs": 6.036681010195896e-14,
      "l1": 2.1724559499201463e-12,
      "l2": 3.785714628091584e-13
    },
    "film": {
      "mean": 1.89356406199902,
      "std": 1.275972772247359,
      "min": 1.0,
      "max": 3.9999775984656525,
      "median": 1.0031893195177075,
      "p90_abs": 3.9986337107160033,
      "p99_abs": 3.999974410290386,
      "l1": 2908.5143992304947,
      "l2": 89.48871408184972
    },
    "q_radius": {
      "mean": -21.696484330684402,
      "std": 36.02176631958813,
      "min": -103.35665802152876,
      "max": 26.894459514648183,
      "median": -1.6413736590195773,
      "p90_abs": 88.55285274049047,
      "p99_abs": 100.76064238989031,
      "l1": 38130.3612265592,
      "l2": 1648.0645025487863
    },
    "q_theta": {
      "mean": -1099.1034941076005,
      "std": 757.5860644203028,
      "min": -2412.7415958331235,
      "max": -546.8609079333906,
      "median": -592.5162313332038,
      "p90_abs": 2345.142458699501,
      "p99_abs": 2404.997051089249,
      "l1": 1688222.9669492743,
      "l2": 52317.28632615181
    },
    "cv_residual": {
      "mean": -0.00964224287077055,
      "std": 0.023003465524335593,
      "min": -0.18025930664867518,
      "max": 0.08382294825286986,
      "median": -0.003514786505598339,
      "p90_abs": 0.037947033224876595,
      "p99_abs": 0.10615289184013466,
      "l1": 19.423798345356644,
      "l2": 0.9775454835534912
    },
    "fb": {
      "mean": -3.5426933016220276e-11,
      "std": 9.172229211173113e-12,
      "min": -6.767686411279783e-11,
      "max": -1.94995131153064e-11,
      "median": -3.288547212321191e-11,
      "p90_abs": 4.7557069393633356e-11,
      "p99_abs": 6.61118881861711e-11,
      "l1": 5.441576911291435e-08,
      "l2": 1.4342270262535335e-09
    }
  },
  "gradients": {
    "pressure_net": {
      "global_l2": 0.016391250725711022,
      "max_abs": 0.012393539650084495,
      "nonfinite": 0.0,
      "element_count": 118017.0
    },
    "gamma_net": {
      "global_l2": 3.225846901994138e-15,
      "max_abs": 4.753661690880413e-16,
      "nonfinite": 0.0,
      "element_count": 118017.0
    }
  }
}