{
  "stage_index": 4,
  "stage_name": "true_physics",
  "global_epoch": 14000,
  "metrics": {
    "cv_mean_abs": 0.014747344244341903,
    "cv_p99": 0.12961856779268574,
    "cv_rmse": 0.029293813615122333,
    "global_flux_balance": 0.008816284788609977,
    "fb_mean_abs": 3.5633296588284215e-11,
    "fb_p99": 6.571774791019892e-11,
    "max_p_times_gamma": 1.2773342005889165e-14,
    "mean_p_times_gamma": 1.724600258610601e-16,
    "pressure_min": 0.07324544770081345,
    "pressure_max": 0.22278708806908215,
    "gamma_min": 4.058570385950391e-57,
    "gamma_max": 1.155784959275733e-13,
    "boundary_max_error": 1.3877787807814457e-17,
    "periodic_max_error": 8.326672684688674e-17
  },
  "fields": {
    "pressure": {
      "mean": 0.14812159855936613,
      "std": 0.03255835260273667,
      "min": 0.07324544770081345,
      "max": 0.22278708806908215,
      "median": 0.14857869539944432,
      "p90_abs": 0.18998341657940027,
      "p99_abs": 0.219629146437214,
      "l1": 227.51477538718638,
      "l2": 5.943743212841779
    },
    "gamma": {
      "mean": 1.4143589660651397e-15,
      "std": 9.555336862014603e-15,
      "min": 4.058570385950391e-57,
      "max": 1.155784959275733e-13,
      "median": 4.438883434384397e-23,
      "p90_abs": 5.466113075796972e-17,
      "p99_abs": 6.03667802730732e-14,
      "l1": 2.1724553718760546e-12,
      "l2": 3.785713753113521e-13
    },
    "film": {
      "mean": 1.89356406199902,
      "std": 1.275972772247359,
      "min": 1.0,
      "max": 3.9999775984656525,
      "median": 1.0031893195177075,
      "p90_abs": 3.9986337107160033,
      "p99_abs": 3.999974410290386,
      "l1": 2908.5143992304947,
      "l2": 89.48871408184972
    },
    "q_radius": {
      "mean": -21.273036803769894,
      "std": 34.84020598327139,
      "min": -95.49018872895674,
      "max": 11.073891675519079,
      "median": -1.552219841688372,
      "p90_abs": 87.33647991269767,
      "p99_abs": 92.53000510421538,
      "l1": 36799.23851827026,
      "l2": 1599.863377116371
    },
    "q_theta": {
      "mean": -1099.2424171599534,
      "std": 757.8054818670855,
      "min": -2412.7078811066876,
      "max": -546.852647911271,
      "median": -592.3559556332802,
      "p90_abs": 2345.4226227720656,
      "p99_abs": 2405.2871623263313,
      "l1": 1688436.3527576886,
      "l2": 52326.64970632391
    },
    "cv_residual": {
      "mean": -0.008816284788609977,
      "std": 0.027935651749040162,
      "min": -0.19117971404071574,
      "max": 0.1251658500689292,
      "median": -0.0035540246098213803,
      "p90_abs": 0.03964449472157783,
      "p99_abs": 0.12961856779268574,
      "l1": 22.651920759309167,
      "l2": 1.1480783356359099
    },
    "fb": {
      "mean": -3.5633296588284215e-11,
      "std": 8.986370543108786e-12,
      "min": -6.826361698131223e-11,
      "max": -2.2442936398192614e-11,
      "median": -3.365197009941312e-11,
      "p90_abs": 4.757938487642832e-11,
      "p99_abs": 6.571774791019892e-11,
      "l1": 5.473274355960456e-08,
      "l2": 1.440259539963663e-09
    }
  },
  "gradients": {
    "pressure_net": {
      "global_l2": 0.03127655647892467,
      "max_abs": 0.015473021154389229,
      "nonfinite": 0.0,
      "element_count": 118017.0
    },
    "gamma_net": {
      "global_l2": 3.3292575045241666e-15,
      "max_abs": 4.364149587160641e-16,
      "nonfinite": 0.0,
      "element_count": 118017.0
    }
  }
}