{
  "stage_index": 1,
  "stage_name": "cavitation_025",
  "global_epoch": 4000,
  "metrics": {
    "cv_mean_abs": 0.005311762465827222,
    "cv_p99": 0.03763313502902089,
    "cv_rmse": 0.008429488797099108,
    "global_flux_balance": 0.0028119289036977477,
    "fb_mean_abs": 0.00015928656475692964,
    "fb_p99": 0.0008603955843631655,
    "max_p_times_gamma": 4.7101981585150274e-05,
    "mean_p_times_gamma": 5.763112080541225e-06,
    "pressure_min": 0.0011709195611873929,
    "pressure_max": 0.10025333801299555,
    "gamma_min": 6.902182416551847e-08,
    "gamma_max": 0.0018146006390782408,
    "boundary_max_error": 1.3877787807814457e-17,
    "periodic_max_error": 1.2836953722228372e-16
  },
  "fields": {
    "pressure": {
      "mean": 0.03715027815053515,
      "std": 0.031715984183921846,
      "min": 0.0011709195611873929,
      "max": 0.10025333801299555,
      "median": 0.022743296326768588,
      "p90_abs": 0.09670693956791661,
      "p99_abs": 0.10005840355067756,
      "l1": 57.06282723922199,
      "l2": 1.9144105919641101
    },
    "gamma": {
      "mean": 0.0002794080871739565,
      "std": 0.00028768880674644496,
      "min": 6.902182416551847e-08,
      "max": 0.0018146006390782408,
      "median": 0.0002139825813740777,
      "p90_abs": 0.0006309587066323063,
      "p99_abs": 0.0014786650847485156,
      "l1": 0.4291708218991972,
      "l2": 0.01571752548245106
    },
    "film": {
      "mean": 1.8954261064651725,
      "std": 0.9617152070794026,
      "min": 1.0000152603714278,
      "max": 3.753131624415628,
      "median": 1.4392115640367704,
      "p90_abs": 3.5445418282563494,
      "p99_abs": 3.7481629399639833,
      "l1": 2911.374499530505,
      "l2": 83.30027432380858
    },
    "q_radius": {
      "mean": 2.4528375073310102,
      "std": 7.3187840037854315,
      "min": -9.774448482617224,
      "max": 43.727102361008114,
      "median": -0.7967245954989792,
      "p90_abs": 12.820989464078318,
      "p99_abs": 29.209365327823612,
      "l1": 7786.299440296309,
      "l2": 302.51683109851035
    },
    "q_theta": {
      "mean": -274.03957006478345,
      "std": 142.77203054938906,
      "min": -565.8814611166522,
      "max": -136.72338078873776,
      "median": -210.3443381305383,
      "p90_abs": 514.0216867631224,
      "p99_abs": 558.9274971658572,
      "l1": 420924.7796195074,
      "l2": 12110.311449124505
    },
    "cv_residual": {
      "mean": 0.0028119289036977464,
      "std": 0.00794665572558473,
      "min": -0.027265762816920395,
      "max": 0.05681140443732878,
      "median": 0.001587123403990363,
      "p90_abs": 0.011370692181394904,
      "p99_abs": 0.03763313502902089,
      "l1": 8.15886714751061,
      "l2": 0.3303671415263996
    },
    "fb": {
      "mean": -2.782964766280774e-05,
      "std": 0.00025370481137571444,
      "min": -0.001997701583901777,
      "max": 0.0006764503316797621,
      "median": -2.1959617939722176e-05,
      "p90_abs": 0.00037272090523470663,
      "p99_abs": 0.0008603955843631655,
      "l1": 0.2446641634666439,
      "l2": 0.01000279927060852
    }
  },
  "gradients": {
    "pressure_net": {
      "global_l2": 0.0006938114531163942,
      "max_abs": 0.00034786424945474525,
      "nonfinite": 0.0,
      "element_count": 118017.0
    },
    "gamma_net": {
      "global_l2": 3.501078813220904e-05,
      "max_abs": 3.1586324015987153e-06,
      "nonfinite": 0.0,
      "element_count": 118017.0
    }
  }
}