{
  "stage_index": 4,
  "stage_name": "true_physics",
  "global_epoch": 11250,
  "metrics": {
    "cv_mean_abs": 0.016860792061940688,
    "cv_p99": 0.1014304419797383,
    "cv_rmse": 0.02811763055766592,
    "global_flux_balance": 0.008013924544314897,
    "fb_mean_abs": 2.1054672981072947e-09,
    "fb_p99": 3.308455739370384e-08,
    "max_p_times_gamma": 4.442556712395909e-09,
    "mean_p_times_gamma": 1.3864583024585156e-10,
    "pressure_min": 0.004476978394564625,
    "pressure_max": 0.17816972153374988,
    "gamma_min": 1.0325938035362784e-17,
    "gamma_max": 7.935358203336688e-08,
    "boundary_max_error": 1.3877787807814457e-17,
    "periodic_max_error": 1.1102230246251565e-16
  },
  "fields": {
    "pressure": {
      "mean": 0.08693652083450087,
      "std": 0.03924218447161434,
      "min": 0.004476978394564625,
      "max": 0.17816972153374988,
      "median": 0.09186110989041163,
      "p90_abs": 0.1350735414768024,
      "p99_abs": 0.1587347848288139,
      "l1": 133.53449600179334,
      "l2": 3.7382330347981982
    },
    "gamma": {
      "mean": 2.1135225876496864e-09,
      "std": 7.47086498019463e-09,
      "min": 1.0325938035362784e-17,
      "max": 7.935358203336688e-08,
      "median": 5.2349574659560144e-11,
      "p90_abs": 3.957925110708345e-09,
      "p99_abs": 3.313516179166744e-08,
      "l1": 3.2463706946299182e-06,
      "l2": 3.0428820346394443e-07
    },
    "film": {
      "mean": 1.89356406199902,
      "std": 1.275972772247359,
      "min": 1.0,
      "max": 3.9999775984656525,
      "median": 1.0031893195177075,
      "p90_abs": 3.9986337107160033,
      "p99_abs": 3.999974410290386,
      "l1": 2908.5143992304947,
      "l2": 89.48871408184972
    },
    "q_radius": {
      "mean": -19.825862421215756,
      "std": 33.08919272581266,
      "min": -94.23877343851497,
      "max": 22.320395591120825,
      "median": -1.3260600620279535,
      "p90_abs": 81.1739809607826,
      "p99_abs": 88.04014681027516,
      "l1": 35238.54938414098,
      "l2": 1511.7889356130693
    },
    "q_theta": {
      "mean": -1096.9748672631256,
      "std": 754.151802767976,
      "min": -2412.7069052498705,
      "max": -546.8697279898012,
      "median": -592.8216356471105,
      "p90_abs": 2325.051549414942,
      "p99_abs": 2405.1989336103293,
      "l1": 1684953.396116161,
      "l2": 52172.25084635141
    },
    "cv_residual": {
      "mean": -0.00801392454431488,
      "std": 0.02695140370324737,
      "min": -0.1746396036456726,
      "max": 0.10926651168187877,
      "median": -0.003320973068520897,
      "p90_abs": 0.04580041987720608,
      "p99_abs": 0.1014304419797383,
      "l1": 25.898176607140893,
      "l2": 1.1019815622779123
    },
    "fb": {
      "mean": 2.010353989213546e-09,
      "std": 7.466462817239715e-09,
      "min": -1.091674896314121e-09,
      "max": 7.925332368152738e-08,
      "median": -6.599776281035474e-12,
      "p90_abs": 3.797905503977184e-09,
      "p99_abs": 3.308455739370384e-08,
      "l1": 3.2339977698928046e-06,
      "l2": 3.030458884238972e-07
    }
  },
  "gradients": {
    "pressure_net": {
      "global_l2": 0.04058461885549404,
      "max_abs": 0.027665601453801033,
      "nonfinite": 0.0,
      "element_count": 118017.0
    },
    "gamma_net": {
      "global_l2": 8.959523247700743e-10,
      "max_abs": 9.097450003995696e-11,
      "nonfinite": 0.0,
      "element_count": 118017.0
    }
  }
}