{
  "stage_index": 3,
  "stage_name": "cavitation_075",
  "global_epoch": 8001,
  "metrics": {
    "cv_mean_abs": 0.015379485071909553,
    "cv_p99": 0.09773096617144193,
    "cv_rmse": 0.028704610062328537,
    "global_flux_balance": 0.0018744727501601428,
    "fb_mean_abs": 8.880795579921342e-07,
    "fb_p99": 4.397409345831272e-06,
    "max_p_times_gamma": 2.2071409687644117e-07,
    "mean_p_times_gamma": 3.074818005118292e-08,
    "pressure_min": 0.007761018975181262,
    "pressure_max": 0.11887590009681241,
    "gamma_min": 7.358385958595667e-14,
    "gamma_max": 5.071708702828966e-06,
    "boundary_max_error": 1.3877787807814457e-17,
    "periodic_max_error": 4.163336342344337e-17
  },
  "fields": {
    "pressure": {
      "mean": 0.05856777109322778,
      "std": 0.03326341545491945,
      "min": 0.007761018975181262,
      "max": 0.11887590009681241,
      "median": 0.058093258752664766,
      "p90_abs": 0.10456115810476319,
      "p99_abs": 0.11156185466880303,
      "l1": 89.96009639919787,
      "l2": 2.639749404413408
    },
    "gamma": {
      "mean": 8.984351333828882e-07,
      "std": 1.229346556887735e-06,
      "min": 7.358385958595667e-14,
      "max": 5.071708702828966e-06,
      "median": 2.936558939388113e-07,
      "p90_abs": 3.023928795951808e-06,
      "p99_abs": 4.448559012934726e-06,
      "l1": 0.0013799963648761164,
      "l2": 5.967564997545071e-05
    },
    "film": {
      "mean": 1.8937028377983232,
      "std": 1.173833149256695,
      "min": 1.0000000000422833,
      "max": 3.9884408081566876,
      "median": 1.0909212710653684,
      "p90_abs": 3.931042360629202,
      "p99_abs": 3.9879805839366447,
      "l1": 2908.7275588582243,
      "l2": 87.3195044619209
    },
    "q_radius": {
      "mean": -6.241682304450123,
      "std": 12.267903522863547,
      "min": -38.64507096062257,
      "max": 8.322462554553713,
      "median": -1.1830909601974122,
      "p90_abs": 28.567144952013443,
      "p99_abs": 35.49163378142524,
      "l1": 13097.687709441898,
      "l2": 539.4540242022998
    },
    "q_theta": {
      "mean": -822.9653680025045,
      "std": 521.803435042228,
      "min": -1804.2609728417276,
      "max": -410.12366185850544,
      "median": -478.33421495993025,
      "p90_abs": 1716.3566090301974,
      "p99_abs": 1791.7667675008584,
      "l1": 1264074.805251847,
      "l2": 38190.4446453975
    },
    "cv_residual": {
      "mean": -0.001874472750160134,
      "std": 0.02864334112388497,
      "min": -0.11527580631959077,
      "max": 0.08791123065698547,
      "median": -0.0004555614894352491,
      "p90_abs": 0.05585846058063303,
      "p99_abs": 0.09773096617144193,
      "l1": 23.622889070453073,
      "l2": 1.1249863666922328
    },
    "fb": {
      "mean": 8.839318275794605e-07,
      "std": 1.2211507288940387e-06,
      "min": -4.1535068801001884e-08,
      "max": 5.02631829030209e-06,
      "median": 2.8609253122091616e-07,
      "p90_abs": 2.9787945332523935e-06,
      "p99_abs": 4.397409345831272e-06,
      "l1": 0.0013640902010759182,
      "l2": 5.90815408783075e-05
    }
  },
  "gradients": {
    "pressure_net": {
      "global_l2": 0.020103010920663283,
      "max_abs": 0.010113063054196025,
      "nonfinite": 0.0,
      "element_count": 118017.0
    },
    "gamma_net": {
      "global_l2": 1.0218293789182102e-07,
      "max_abs": 1.7806187590585925e-08,
      "nonfinite": 0.0,
      "element_count": 118017.0
    }
  }
}