{
  "stage_index": 1,
  "stage_name": "cavitation_025",
  "global_epoch": 2500,
  "metrics": {
    "cv_mean_abs": 0.017887161523681264,
    "cv_p99": 0.09464410510150682,
    "cv_rmse": 0.026691089404388312,
    "global_flux_balance": 0.004809497090263386,
    "fb_mean_abs": 0.002502817995229556,
    "fb_p99": 0.01021112468213484,
    "max_p_times_gamma": 0.0007819297695379982,
    "mean_p_times_gamma": 9.397343124271695e-05,
    "pressure_min": 0.0001671183273965051,
    "pressure_max": 0.13696510472403528,
    "gamma_min": 1.382490965837361e-05,
    "gamma_max": 0.015238033069637537,
    "boundary_max_error": 1.3877787807814457e-17,
    "periodic_max_error": 8.326672684688674e-17
  },
  "fields": {
    "pressure": {
      "mean": 0.038151440753730365,
      "std": 0.03755883464957505,
      "min": 0.0001671183273965051,
      "max": 0.13696510472403528,
      "median": 0.024153804181518725,
      "p90_abs": 0.09335720477103376,
      "p99_abs": 0.12089411615054478,
      "l1": 58.60061299772984,
      "l2": 2.098208970392315
    },
    "gamma": {
      "mean": 0.003892690892667274,
      "std": 0.0031724072112013714,
      "min": 1.382490965837361e-05,
      "max": 0.015238033069637537,
      "median": 0.003301114593330735,
      "p90_abs": 0.008413830853739812,
      "p99_abs": 0.012612250766176857,
      "l1": 5.979173211136933,
      "l2": 0.1968086238092456
    },
    "film": {
      "mean": 1.8954261064651725,
      "std": 0.9617152070794026,
      "min": 1.0000152603714278,
      "max": 3.753131624415628,
      "median": 1.4392115640367704,
      "p90_abs": 3.5445418282563494,
      "p99_abs": 3.7481629399639833,
      "l1": 2911.374499530505,
      "l2": 83.30027432380858
    },
    "q_radius": {
      "mean": 7.336796367019523,
      "std": 13.266570353512321,
      "min": -11.922346117514424,
      "max": 104.09315432853519,
      "median": 2.5352349713677587,
      "p90_abs": 21.955167960750778,
      "p99_abs": 56.3307421881409,
      "l1": 14521.773782576804,
      "l2": 594.154526810352
    },
    "q_theta": {
      "mean": -273.2868650531453,
      "std": 142.6144535670203,
      "min": -565.6821690004131,
      "max": -136.5259625627532,
      "median": -209.459642706982,
      "p90_abs": 513.5661332331478,
      "p99_abs": 556.961701254612,
      "l1": 419768.6247216312,
      "l2": 12081.298556544258
    },
    "cv_residual": {
      "mean": 0.004809497090263391,
      "std": 0.026254199498971547,
      "min": -0.162922092836686,
      "max": 0.16285322214401152,
      "median": 0.004021872599534614,
      "p90_abs": 0.04192264893126503,
      "p99_abs": 0.09464410510150682,
      "l1": 27.47468010037442,
      "l2": 1.0460727955161269
    },
    "fb": {
      "mean": 0.002063635485397448,
      "std": 0.0027272017597868466,
      "min": -0.00394920646438488,
      "max": 0.011820731549568975,
      "median": 0.0014848980633033332,
      "p90_abs": 0.005626284811348746,
      "p99_abs": 0.01021112468213484,
      "l1": 3.844328440672598,
      "l2": 0.13403505225705098
    }
  },
  "gradients": {
    "pressure_net": {
      "global_l2": 0.003774818439579461,
      "max_abs": 0.0025737472524782474,
      "nonfinite": 0.0,
      "element_count": 118017.0
    },
    "gamma_net": {
      "global_l2": 0.0002497726774546947,
      "max_abs": 4.754730321239091e-05,
      "nonfinite": 0.0,
      "element_count": 118017.0
    }
  }
}