{
  "stage_index": 3,
  "stage_name": "cavitation_075",
  "global_epoch": 9250,
  "metrics": {
    "cv_mean_abs": 0.009328834322918008,
    "cv_p99": 0.04499019441094325,
    "cv_rmse": 0.014029898045787404,
    "global_flux_balance": 0.00599317030164063,
    "fb_mean_abs": 1.1737502940916507e-08,
    "fb_p99": 7.386226672304047e-08,
    "max_p_times_gamma": 3.771097779713357e-09,
    "mean_p_times_gamma": 1.2071435526988213e-10,
    "pressure_min": 0.005068305110147473,
    "pressure_max": 0.15151991058336026,
    "gamma_min": 1.0331917950817096e-17,
    "gamma_max": 8.009842170111958e-08,
    "boundary_max_error": 1.3877787807814457e-17,
    "periodic_max_error": 8.326672684688674e-17
  },
  "fields": {
    "pressure": {
      "mean": 0.0767386022653222,
      "std": 0.038965096285941414,
      "min": 0.005068305110147473,
      "max": 0.15151991058336026,
      "median": 0.0792512426788951,
      "p90_abs": 0.1260179062103131,
      "p99_abs": 0.1441096732415744,
      "l1": 117.8704930795349,
      "l2": 3.3730243127400494
    },
    "gamma": {
      "mean": 2.125830293074011e-09,
      "std": 7.538244594412448e-09,
      "min": 1.0331917950817096e-17,
      "max": 8.009842170111958e-08,
      "median": 5.2086465616425274e-11,
      "p90_abs": 3.976746700136504e-09,
      "p99_abs": 3.343775042226396e-08,
      "l1": 3.2652753301616808e-06,
      "l2": 3.0696062173545067e-07
    },
    "film": {
      "mean": 1.8937028377983232,
      "std": 1.173833149256695,
      "min": 1.0000000000422833,
      "max": 3.9884408081566876,
      "median": 1.0909212710653684,
      "p90_abs": 3.931042360629202,
      "p99_abs": 3.9879805839366447,
      "l1": 2908.7275588582243,
      "l2": 87.3195044619209
    },
    "q_radius": {
      "mean": -14.06474382506375,
      "std": 23.95238476128353,
      "min": -69.34073796312468,
      "max": 14.763696950378,
      "median": -2.5528469312355018,
      "p90_abs": 59.32077719304792,
      "p99_abs": 66.10631355342647,
      "l1": 26425.5075309506,
      "l2": 1088.6118900196136
    },
    "q_theta": {
      "mean": -822.589024206111,
      "std": 521.2663757752836,
      "min": -1804.2897017027756,
      "max": -410.1632799670271,
      "median": -478.420606264272,
      "p90_abs": 1715.3176020979622,
      "p99_abs": 1792.0292774452462,
      "l1": 1263496.7411805866,
      "l2": 38166.71814590153
    },
    "cv_residual": {
      "mean": -0.0059931703016406325,
      "std": 0.012685422693419482,
      "min": -0.07491383917172309,
      "max": 0.07265583847571877,
      "median": -0.004170589073568942,
      "p90_abs": 0.02443045228390733,
      "p99_abs": 0.04499019441094325,
      "l1": 14.32908952000206,
      "l2": 0.5498574616872001
    },
    "fb": {
      "mean": -9.887228707825988e-09,
      "std": 1.622409367938098e-08,
      "min": -9.864778086066117e-08,
      "max": 6.836294547118982e-08,
      "median": -5.616897447158209e-09,
      "p90_abs": 3.0294562441968154e-08,
      "p99_abs": 7.386226672304047e-08,
      "l1": 1.8028804517247754e-05,
      "l2": 7.446227146131504e-07
    }
  },
  "gradients": {
    "pressure_net": {
      "global_l2": 0.008584627023924431,
      "max_abs": 0.005030850433321618,
      "nonfinite": 0.0,
      "element_count": 118017.0
    },
    "gamma_net": {
      "global_l2": 3.1891683991860543e-10,
      "max_abs": 3.532358637523392e-11,
      "nonfinite": 0.0,
      "element_count": 118017.0
    }
  }
}