{
  "stage_index": 1,
  "stage_name": "cavitation_025",
  "global_epoch": 3000,
  "metrics": {
    "cv_mean_abs": 0.010048220642129117,
    "cv_p99": 0.07182379593108376,
    "cv_rmse": 0.0170217259549232,
    "global_flux_balance": 0.004289133942960809,
    "fb_mean_abs": 0.0005458992343369653,
    "fb_p99": 0.003511515956161476,
    "max_p_times_gamma": 0.00010466664547287822,
    "mean_p_times_gamma": 7.710468894741418e-06,
    "pressure_min": 0.00015933063996545054,
    "pressure_max": 0.09988254273170244,
    "gamma_min": 2.914773348398285e-07,
    "gamma_max": 0.008288945294740979,
    "boundary_max_error": 1.3877787807814457e-17,
    "periodic_max_error": 4.163336342344337e-17
  },
  "fields": {
    "pressure": {
      "mean": 0.030432291990305792,
      "std": 0.03312204680580865,
      "min": 0.00015933063996545054,
      "max": 0.09988254273170244,
      "median": 0.012289482226307396,
      "p90_abs": 0.0918309782553231,
      "p99_abs": 0.09957787602275157,
      "l1": 46.744000497109695,
      "l2": 1.7628461555899122
    },
    "gamma": {
      "mean": 0.0006848385865936457,
      "std": 0.0011353720508267614,
      "min": 2.914773348398285e-07,
      "max": 0.008288945294740979,
      "median": 0.00034627639903066015,
      "p90_abs": 0.0016769869356546415,
      "p99_abs": 0.0061013195547460495,
      "l1": 1.0519120690078398,
      "l2": 0.05196538294128817
    },
    "film": {
      "mean": 1.8954261064651725,
      "std": 0.9617152070794026,
      "min": 1.0000152603714278,
      "max": 3.753131624415628,
      "median": 1.4392115640367704,
      "p90_abs": 3.5445418282563494,
      "p99_abs": 3.7481629399639833,
      "l1": 2911.374499530505,
      "l2": 83.30027432380858
    },
    "q_radius": {
      "mean": 4.794712096727365,
      "std": 9.236972210971528,
      "min": -7.077511644644601,
      "max": 74.40236322202723,
      "median": -0.028321296446766328,
      "p90_abs": 14.697182325136017,
      "p99_abs": 39.23055090762914,
      "l1": 9983.229061525975,
      "l2": 407.87936045471764
    },
    "q_theta": {
      "mean": -273.9689757553783,
      "std": 142.77984693969725,
      "min": -565.1589972006183,
      "max": -136.67211480686964,
      "median": -209.86525108325105,
      "p90_abs": 516.0138347060071,
      "p99_abs": 559.2457307504252,
      "l1": 420816.3467602611,
      "l2": 12107.999404944252
    },
    "cv_residual": {
      "mean": 0.0042891339429608055,
      "std": 0.016472476574694153,
      "min": -0.10352543889750224,
      "max": 0.12220037150484638,
      "median": 0.0023646918875594,
      "p90_abs": 0.02404681413015481,
      "p99_abs": 0.07182379593108376,
      "l1": 15.434066906310324,
      "l2": 0.6671126900968093
    },
    "fb": {
      "mean": -6.237094771515738e-05,
      "std": 0.0009364535208756014,
      "min": -0.003223250759349122,
      "max": 0.005413385226074291,
      "median": -4.40916873719055e-05,
      "p90_abs": 0.0015289884077583533,
      "p99_abs": 0.003511515956161476,
      "l1": 0.8385012239415787,
      "l2": 0.03678264631271718
    }
  },
  "gradients": {
    "pressure_net": {
      "global_l2": 0.0057858710961514615,
      "max_abs": 0.003878222796904302,
      "nonfinite": 0.0,
      "element_count": 118017.0
    },
    "gamma_net": {
      "global_l2": 9.850747196004092e-05,
      "max_abs": 1.5109570436307484e-05,
      "nonfinite": 0.0,
      "element_count": 118017.0
    }
  }
}