{
  "stage_index": 4,
  "stage_name": "true_physics",
  "global_epoch": 11500,
  "metrics": {
    "cv_mean_abs": 0.023345278530691425,
    "cv_p99": 0.1711566228303964,
    "cv_rmse": 0.04443203053220547,
    "global_flux_balance": 0.007917744536228717,
    "fb_mean_abs": 4.030940955300719e-09,
    "fb_p99": 6.319308324398518e-08,
    "max_p_times_gamma": 1.9097363181746465e-08,
    "mean_p_times_gamma": 5.463482803901214e-10,
    "pressure_min": 0.07202594750092713,
    "pressure_max": 0.22892824418044522,
    "gamma_min": 3.1715540608283134e-17,
    "gamma_max": 1.4702457557380193e-07,
    "boundary_max_error": 1.3877787807814457e-17,
    "periodic_max_error": 8.326672684688674e-17
  },
  "fields": {
    "pressure": {
      "mean": 0.1346131026944745,
      "std": 0.02796625210222621,
      "min": 0.07202594750092713,
      "max": 0.22892824418044522,
      "median": 0.1323172484334278,
      "p90_abs": 0.17151000483613724,
      "p99_abs": 0.1948962314573954,
      "l1": 206.76572573871283,
      "l2": 5.388385543255979
    },
    "gamma": {
      "mean": 4.0434356931552005e-09,
      "std": 1.4032849352144618e-08,
      "min": 3.1715540608283134e-17,
      "max": 1.4702457557380193e-07,
      "median": 1.0839739408324008e-10,
      "p90_abs": 7.824186553372892e-09,
      "p99_abs": 6.322647664787207e-08,
      "l1": 6.210717224686388e-06,
      "l2": 5.723487381922045e-07
    },
    "film": {
      "mean": 1.89356406199902,
      "std": 1.275972772247359,
      "min": 1.0,
      "max": 3.9999775984656525,
      "median": 1.0031893195177075,
      "p90_abs": 3.9986337107160033,
      "p99_abs": 3.999974410290386,
      "l1": 2908.5143992304947,
      "l2": 89.48871408184972
    },
    "q_radius": {
      "mean": -20.124046835094806,
      "std": 34.269265762687525,
      "min": -115.12870756980422,
      "max": 10.150559152927192,
      "median": -1.0358295376891526,
      "p90_abs": 79.22788051395084,
      "p99_abs": 106.93861932505529,
      "l1": 33989.37704394804,
      "l2": 1557.5290397073973
    },
    "q_theta": {
      "mean": -1099.167416021832,
      "std": 757.6354541249115,
      "min": -2412.807635749462,
      "max": -546.7395001785655,
      "median": -592.3940053085782,
      "p90_abs": 2344.3125447499797,
      "p99_abs": 2406.3409173005225,
      "l1": 1688321.1510095338,
      "l2": 52320.44755465343
    },
    "cv_residual": {
      "mean": -0.00791774453622871,
      "std": 0.04372087211703193,
      "min": -0.27637997129838665,
      "max": 0.18373793235658242,
      "median": -0.0025926969186848736,
      "p90_abs": 0.0768965087652167,
      "p99_abs": 0.1711566228303964,
      "l1": 35.85834782314203,
      "l2": 1.741372848634661
    },
    "fb": {
      "mean": 4.004586611680109e-09,
      "std": 1.403298782609528e-08,
      "min": -6.886424763763443e-11,
      "max": 1.4698431871629225e-07,
      "median": 7.125022793985636e-11,
      "p90_abs": 7.782469890749155e-09,
      "p99_abs": 6.319308324398518e-08,
      "l1": 6.191525307341905e-06,
      "l2": 5.719342658837283e-07
    }
  },
  "gradients": {
    "pressure_net": {
      "global_l2": 0.09437615305047388,
      "max_abs": 0.06678994777767293,
      "nonfinite": 0.0,
      "element_count": 118017.0
    },
    "gamma_net": {
      "global_l2": 9.635453014111207e-09,
      "max_abs": 1.2584954609423316e-09,
      "nonfinite": 0.0,
      "element_count": 118017.0
    }
  }
}