{
  "stage_index": 0,
  "stage_name": "full_film_010",
  "global_epoch": 1000,
  "metrics": {
    "cv_mean_abs": 0.002093807322550125,
    "cv_p99": 0.0064508821334856685,
    "cv_rmse": 0.0025327517521803555,
    "global_flux_balance": 0.0011787017786404612,
    "fb_mean_abs": 4.9532700538170285e-05,
    "fb_p99": 7.012566247719399e-05,
    "max_p_times_gamma": 0.0,
    "mean_p_times_gamma": 0.0,
    "pressure_min": 0.07096952015249333,
    "pressure_max": 0.11064014114093627,
    "gamma_min": 0.0,
    "gamma_max": 0.0,
    "boundary_max_error": 1.3877787807814457e-17,
    "periodic_max_error": 2.7755575615628914e-17
  },
  "fields": {
    "pressure": {
      "mean": 0.10173699241477403,
      "std": 0.008071805595270765,
      "min": 0.07096952015249333,
      "max": 0.11064014114093627,
      "median": 0.10384203816786046,
      "p90_abs": 0.1082437601181318,
      "p99_abs": 0.11021365737472452,
      "l1": 156.26802034909292,
      "l2": 3.999789371319399
    },
    "gamma": {
      "mean": 0.0,
      "std": 0.0,
      "min": 0.0,
      "max": 0.0,
      "median": 0.0,
      "p90_abs": 0.0,
      "p99_abs": 0.0,
      "l1": 0.0,
      "l2": 0.0
    },
    "film": {
      "mean": 1.8954261064651725,
      "std": 0.9617152070794026,
      "min": 1.0000152603714278,
      "max": 3.753131624415628,
      "median": 1.4392115640367704,
      "p90_abs": 3.5445418282563494,
      "p99_abs": 3.7481629399639833,
      "l1": 2911.374499530505,
      "l2": 83.30027432380858
    },
    "q_radius": {
      "mean": -0.9440189009970243,
      "std": 2.2786953179556324,
      "min": -6.885580939845124,
      "max": 3.0980704014057725,
      "median": -0.38394565358538413,
      "p90_abs": 4.716385719545782,
      "p99_abs": 6.480055506869198,
      "l1": 2665.3577840431094,
      "l2": 96.66667741067383
    },
    "q_theta": {
      "mean": -110.02112298943725,
      "std": 57.73497670903859,
      "min": -226.34889078162388,
      "max": -54.686746831724264,
      "median": -84.07779653017366,
      "p90_abs": 208.39506448701965,
      "p99_abs": 223.79755803171417,
      "l1": 168992.44491177562,
      "l2": 4869.571814913028
    },
    "cv_residual": {
      "mean": -0.0011787017786404617,
      "std": 0.002241761261865873,
      "min": -0.008095256333360298,
      "max": 0.005082183041636445,
      "median": -0.0014530735381375628,
      "p90_abs": 0.004122601013871627,
      "p99_abs": 0.0064508821334856685,
      "l1": 3.2160880474369926,
      "l2": 0.09926319100771043
    },
    "fb": {
      "mean": -4.9532700538170285e-05,
      "std": 4.922019077517658e-06,
      "min": -7.044928349775326e-05,
      "max": -4.519063188790362e-05,
      "median": -4.81489401967794e-05,
      "p90_abs": 5.451065116507392e-05,
      "p99_abs": 7.012566247719399e-05,
      "l1": 0.07608222802662956,
      "l2": 0.001950838222560697
    }
  },
  "gradients": {
    "pressure_net": {
      "global_l2": 7.726059570668536e-05,
      "max_abs": 7.065583568180146e-05,
      "nonfinite": 0.0,
      "element_count": 118017.0
    },
    "gamma_net": {
      "global_l2": 0.0,
      "max_abs": 0.0,
      "nonfinite": 0.0,
      "element_count": 0.0
    }
  }
}