{
  "stage_index": 4,
  "stage_name": "true_physics",
  "global_epoch": 16001,
  "metrics": {
    "cv_mean_abs": 0.01243404779805429,
    "cv_p99": 0.05816987064442134,
    "cv_rmse": 0.018353146451212304,
    "global_flux_balance": 0.009667799839824106,
    "fb_mean_abs": 5.162930214284757e-11,
    "fb_p99": 1.452446218852544e-10,
    "max_p_times_gamma": 1.088977945337689e-14,
    "mean_p_times_gamma": 1.4876437442661527e-16,
    "pressure_min": 0.016741720797933336,
    "pressure_max": 0.33239761508256926,
    "gamma_min": 4.058571572938752e-57,
    "gamma_max": 1.1557851058123373e-13,
    "boundary_max_error": 1.3877787807814457e-17,
    "periodic_max_error": 2.220446049250313e-16
  },
  "fields": {
    "pressure": {
      "mean": 0.1167276321027683,
      "std": 0.05020141947294689,
      "min": 0.016741720797933336,
      "max": 0.33239761508256926,
      "median": 0.11181327950565384,
      "p90_abs": 0.17107644073476524,
      "p99_abs": 0.2855978887315169,
      "l1": 179.2936429098521,
      "l2": 4.979911920326507
    },
    "gamma": {
      "mean": 1.414359342410054e-15,
      "std": 9.555339062960799e-15,
      "min": 4.058571572938752e-57,
      "max": 1.1557851058123373e-13,
      "median": 4.4388839942704236e-23,
      "p90_abs": 5.4661135563292104e-17,
      "p99_abs": 6.036681011272991e-14,
      "l1": 2.172455949941843e-12,
      "l2": 3.7857146280046594e-13
    },
    "film": {
      "mean": 1.89356406199902,
      "std": 1.275972772247359,
      "min": 1.0,
      "max": 3.9999775984656525,
      "median": 1.0031893195177075,
      "p90_abs": 3.9986337107160033,
      "p99_abs": 3.999974410290386,
      "l1": 2908.5143992304947,
      "l2": 89.48871408184972
    },
    "q_radius": {
      "mean": -22.082830872165573,
      "std": 35.74755920671939,
      "min": -101.25160974543746,
      "max": 21.86311713159165,
      "median": -1.2504683388495312,
      "p90_abs": 84.86913912069512,
      "p99_abs": 96.51884755322901,
      "l1": 40367.009646232575,
      "l2": 1646.7751915663116
    },
    "q_theta": {
      "mean": -1097.4506870311986,
      "std": 754.9913708355923,
      "min": -2412.7291353450537,
      "max": -546.7037077739105,
      "median": -592.6999284363656,
      "p90_abs": 2334.5466588832605,
      "p99_abs": 2405.0589736058637,
      "l1": 1685684.255279921,
      "l2": 52206.26140656154
    },
    "cv_residual": {
      "mean": -0.009667799839824116,
      "std": 0.015600372781339028,
      "min": -0.10281042634884839,
      "max": 0.06093562976712696,
      "median": -0.0054010142343823035,
      "p90_abs": 0.03198598791311029,
      "p99_abs": 0.05816987064442134,
      "l1": 19.098697417811387,
      "l2": 0.7192935036806724
    },
    "fb": {
      "mean": -5.1629302142847576e-11,
      "std": 2.6520921957139018e-11,
      "min": -2.986533798043922e-10,
      "max": -1.504218971604132e-11,
      "median": -4.471745196354959e-11,
      "p90_abs": 8.316608512970447e-11,
      "p99_abs": 1.452446218852544e-10,
      "l1": 7.930260809141387e-08,
      "l2": 2.2747962987715765e-09
    }
  },
  "gradients": {
    "pressure_net": {
      "global_l2": 0.0018889266145798067,
      "max_abs": 0.0009931860990816668,
      "nonfinite": 0.0,
      "element_count": 118017.0
    },
    "gamma_net": {
      "global_l2": 2.853835528362256e-16,
      "max_abs": 2.0686113023187896e-17,
      "nonfinite": 0.0,
      "element_count": 118017.0
    }
  }
}