{
  "stage_index": 0,
  "stage_name": "full_film_010",
  "global_epoch": 1500,
  "metrics": {
    "cv_mean_abs": 0.001790988021651159,
    "cv_p99": 0.00636566653387252,
    "cv_rmse": 0.002287812725490576,
    "global_flux_balance": 0.0009098070886968394,
    "fb_mean_abs": 4.938823750178838e-05,
    "fb_p99": 7.108611240433938e-05,
    "max_p_times_gamma": 0.0,
    "mean_p_times_gamma": 0.0,
    "pressure_min": 0.07011982918721335,
    "pressure_max": 0.11553920277103118,
    "gamma_min": 0.0,
    "gamma_max": 0.0,
    "boundary_max_error": 1.3877787807814457e-17,
    "periodic_max_error": 2.7755575615628914e-17
  },
  "fields": {
    "pressure": {
      "mean": 0.10226754452564163,
      "std": 0.009251688457499473,
      "min": 0.07011982918721335,
      "max": 0.11553920277103118,
      "median": 0.10415381212783016,
      "p90_abs": 0.11077243736013759,
      "p99_abs": 0.11491222304241831,
      "l1": 157.08294839138554,
      "l2": 4.024420380927215
    },
    "gamma": {
      "mean": 0.0,
      "std": 0.0,
      "min": 0.0,
      "max": 0.0,
      "median": 0.0,
      "p90_abs": 0.0,
      "p99_abs": 0.0,
      "l1": 0.0,
      "l2": 0.0
    },
    "film": {
      "mean": 1.8954261064651725,
      "std": 0.9617152070794026,
      "min": 1.0000152603714278,
      "max": 3.753131624415628,
      "median": 1.4392115640367704,
      "p90_abs": 3.5445418282563494,
      "p99_abs": 3.7481629399639833,
      "l1": 2911.374499530505,
      "l2": 83.30027432380858
    },
    "q_radius": {
      "mean": -1.1736423127000941,
      "std": 2.526854802447742,
      "min": -7.734504918378672,
      "max": 2.3413531650972783,
      "median": -0.5681744495989023,
      "p90_abs": 5.261711652255739,
      "p99_abs": 7.398226655115647,
      "l1": 3094.116330643299,
      "l2": 109.1929244006641
    },
    "q_theta": {
      "mean": -110.01982372077953,
      "std": 57.73727847281561,
      "min": -226.34627453866486,
      "max": -54.68718480338375,
      "median": -84.03031946189567,
      "p90_abs": 208.18579039762548,
      "p99_abs": 223.70649440627525,
      "l1": 168990.44923511735,
      "l2": 4869.568644472552
    },
    "cv_residual": {
      "mean": -0.0009098070886968396,
      "std": 0.0020991279447126606,
      "min": -0.0071537835305205055,
      "max": 0.005235532463387564,
      "median": -0.0009701803805456635,
      "p90_abs": 0.003909041735366261,
      "p99_abs": 0.00636566653387252,
      "l1": 2.7509576012561805,
      "l2": 0.0896635808719679
    },
    "fb": {
      "mean": -4.938823750178838e-05,
      "std": 5.561925550049912e-06,
      "min": -7.130288041079513e-05,
      "max": -4.327454444696954e-05,
      "median": -4.800481790967481e-05,
      "p90_abs": 5.5135784264526144e-05,
      "p99_abs": 7.108611240433938e-05,
      "l1": 0.07586033280274695,
      "l2": 0.0019478512052343465
    }
  },
  "gradients": {
    "pressure_net": {
      "global_l2": 2.648092946297933e-05,
      "max_abs": 2.3736480793595388e-05,
      "nonfinite": 0.0,
      "element_count": 118017.0
    },
    "gamma_net": {
      "global_l2": 0.0,
      "max_abs": 0.0,
      "nonfinite": 0.0,
      "element_count": 0.0
    }
  }
}