{
  "stage_index": 1,
  "stage_name": "cavitation_025",
  "global_epoch": 2750,
  "metrics": {
    "cv_mean_abs": 0.01413262861290751,
    "cv_p99": 0.08019172255406723,
    "cv_rmse": 0.022425111132272028,
    "global_flux_balance": 0.00461904614635638,
    "fb_mean_abs": 0.000933950909218099,
    "fb_p99": 0.0037913766549419322,
    "max_p_times_gamma": 0.00010822711618797365,
    "mean_p_times_gamma": 1.7956049099707954e-05,
    "pressure_min": 0.0001010164571457681,
    "pressure_max": 0.10059361429156366,
    "gamma_min": 4.23086091049957e-06,
    "gamma_max": 0.009338587911778152,
    "boundary_max_error": 1.3877787807814457e-17,
    "periodic_max_error": 5.204170427930421e-17
  },
  "fields": {
    "pressure": {
      "mean": 0.029194993825812556,
      "std": 0.03256494788545036,
      "min": 0.0001010164571457681,
      "max": 0.10059361429156366,
      "median": 0.011856978025746218,
      "p90_abs": 0.09026879492561332,
      "p99_abs": 0.09975053626702995,
      "l1": 44.843510516448085,
      "l2": 1.7140877715965324
    },
    "gamma": {
      "mean": 0.0015018097606734275,
      "std": 0.001438200272620383,
      "min": 4.23086091049957e-06,
      "max": 0.009338587911778152,
      "median": 0.0011507259899982349,
      "p90_abs": 0.0033311802781278285,
      "p99_abs": 0.006554532959118641,
      "l1": 2.3067797923943845,
      "l2": 0.08149501558414526
    },
    "film": {
      "mean": 1.8954261064651725,
      "std": 0.9617152070794026,
      "min": 1.0000152603714278,
      "max": 3.753131624415628,
      "median": 1.4392115640367704,
      "p90_abs": 3.5445418282563494,
      "p99_abs": 3.7481629399639833,
      "l1": 2911.374499530505,
      "l2": 83.30027432380858
    },
    "q_radius": {
      "mean": 5.236612365114809,
      "std": 10.571665591789966,
      "min": -10.707298291775658,
      "max": 89.29119208326468,
      "median": -0.036595714890141066,
      "p90_abs": 17.358961595313296,
      "p99_abs": 48.13689726006917,
      "l1": 10999.489604041422,
      "l2": 462.3677039746177
    },
    "q_theta": {
      "mean": -273.77795951969136,
      "std": 142.68057663832613,
      "min": -566.0907880323986,
      "max": -136.6317876574783,
      "median": -209.66897503380466,
      "p90_abs": 515.0115840717278,
      "p99_abs": 557.682394207137,
      "l1": 420522.9458222459,
      "l2": 12099.562527355545
    },
    "cv_residual": {
      "mean": 0.004619046146356384,
      "std": 0.021944248038895775,
      "min": -0.13590273647440163,
      "max": 0.1328005157995413,
      "median": 0.0031745662616014577,
      "p90_abs": 0.03614365216695363,
      "p99_abs": 0.08019172255406723,
      "l1": 21.707717549425936,
      "l2": 0.8788812751883711
    },
    "fb": {
      "mean": 0.0005222758653621175,
      "std": 0.0011679410669294605,
      "min": -0.005378100427611283,
      "max": 0.004937062004588828,
      "median": 0.00042394198042779857,
      "p90_abs": 0.002120871807663103,
      "p99_abs": 0.0037913766549419322,
      "l1": 1.4345485965590004,
      "l2": 0.050141943779565185
    }
  },
  "gradients": {
    "pressure_net": {
      "global_l2": 0.002299889634458721,
      "max_abs": 0.0016572770083606169,
      "nonfinite": 0.0,
      "element_count": 118017.0
    },
    "gamma_net": {
      "global_l2": 0.00015529523343230887,
      "max_abs": 1.2071371061061994e-05,
      "nonfinite": 0.0,
      "element_count": 118017.0
    }
  }
}