{
  "stage_index": 2,
  "stage_name": "cavitation_050",
  "global_epoch": 8000,
  "metrics": {
    "cv_mean_abs": 0.002456494619810114,
    "cv_p99": 0.011915550035175524,
    "cv_rmse": 0.0036722504388512997,
    "global_flux_balance": 0.000975474151022363,
    "fb_mean_abs": 8.562303096391237e-07,
    "fb_p99": 4.0972779774571545e-06,
    "max_p_times_gamma": 2.205908347702984e-07,
    "mean_p_times_gamma": 3.070015913440994e-08,
    "pressure_min": 0.007757562676900949,
    "pressure_max": 0.11869497718758881,
    "gamma_min": 7.350902242703655e-14,
    "gamma_max": 5.06814322089305e-06,
    "boundary_max_error": 1.3877787807814457e-17,
    "periodic_max_error": 6.245004513516506e-17
  },
  "fields": {
    "pressure": {
      "mean": 0.05852393009681861,
      "std": 0.033259120081894446,
      "min": 0.007757562676900949,
      "max": 0.11869497718758881,
      "median": 0.05806876182515299,
      "p90_abs": 0.10453937292348772,
      "p99_abs": 0.11153692868661844,
      "l1": 89.89275662871339,
      "l2": 2.638172301907582
    },
    "gamma": {
      "mean": 8.979284711806197e-07,
      "std": 1.228641207401611e-06,
      "min": 7.350902242703655e-14,
      "max": 5.06814322089305e-06,
      "median": 2.9349501432058343e-07,
      "p90_abs": 3.0222828109380254e-06,
      "p99_abs": 4.446207704826277e-06,
      "l1": 0.0013792181317334319,
      "l2": 5.96416145408123e-05
    },
    "film": {
      "mean": 1.8954261064651725,
      "std": 0.9617152070794026,
      "min": 1.0000152603714278,
      "max": 3.753131624415628,
      "median": 1.4392115640367704,
      "p90_abs": 3.5445418282563494,
      "p99_abs": 3.7481629399639833,
      "l1": 2911.374499530505,
      "l2": 83.30027432380858
    },
    "q_radius": {
      "mean": -3.315221451688546,
      "std": 10.81011713210848,
      "min": -29.565103226889377,
      "max": 15.984961485013766,
      "median": -1.391802340215953,
      "p90_abs": 21.62358011771597,
      "p99_abs": 27.88448753760038,
      "l1": 12288.101284581235,
      "l2": 443.143954319669
    },
    "q_theta": {
      "mean": -548.9778778718472,
      "std": 286.776150285248,
      "min": -1131.8370562315897,
      "max": -273.41416593158306,
      "median": -420.631578861314,
      "p90_abs": 1035.2641116488132,
      "p99_abs": 1118.491378645217,
      "l1": 843230.0204111573,
      "l2": 24274.18645176805
    },
    "cv_residual": {
      "mean": -0.0009754741510223605,
      "std": 0.0035403210965011026,
      "min": -0.013219909908906301,
      "max": 0.013899044290214331,
      "median": -0.0005532658774293895,
      "p90_abs": 0.00654677162006477,
      "p99_abs": 0.011915550035175524,
      "l1": 3.773175736028335,
      "l2": 0.14392223652635652
    },
    "fb": {
      "mean": -5.534610303357222e-07,
      "std": 1.0738920190820698e-06,
      "min": -4.4622091354834525e-06,
      "max": 2.2401966162099995e-06,
      "median": -4.585948744084689e-07,
      "p90_abs": 2.0047041109916286e-06,
      "p99_abs": 4.0972779774571545e-06,
      "l1": 0.001315169755605694,
      "l2": 4.7348590745972676e-05
    }
  },
  "gradients": {
    "pressure_net": {
      "global_l2": 0.00046871965541797335,
      "max_abs": 0.0002028618986479206,
      "nonfinite": 0.0,
      "element_count": 118017.0
    },
    "gamma_net": {
      "global_l2": 5.785358897326915e-08,
      "max_abs": 9.610066351373654e-09,
      "nonfinite": 0.0,
      "element_count": 118017.0
    }
  }
}