{
  "stage_index": 2,
  "stage_name": "cavitation_050",
  "global_epoch": 5750,
  "metrics": {
    "cv_mean_abs": 0.004211580909858676,
    "cv_p99": 0.019929074312427852,
    "cv_rmse": 0.006347901273298791,
    "global_flux_balance": 0.0005911811549065329,
    "fb_mean_abs": 2.338153202371275e-06,
    "fb_p99": 2.040550858167239e-05,
    "max_p_times_gamma": 6.297447320420667e-07,
    "mean_p_times_gamma": 9.507306412534234e-08,
    "pressure_min": 0.009757532863107045,
    "pressure_max": 0.11295912925271245,
    "gamma_min": 3.5594783098595296e-13,
    "gamma_max": 3.0448767941286496e-05,
    "boundary_max_error": 1.3877787807814457e-17,
    "periodic_max_error": 6.245004513516506e-17
  },
  "fields": {
    "pressure": {
      "mean": 0.05246789537537555,
      "std": 0.030164513602074002,
      "min": 0.009757532863107045,
      "max": 0.11295912925271245,
      "median": 0.04710458718472779,
      "p90_abs": 0.10305169891405602,
      "p99_abs": 0.11113487305436325,
      "l1": 80.59068729657685,
      "l2": 2.3719247235718828
    },
    "gamma": {
      "mean": 2.9730685822258598e-06,
      "std": 4.50621745914496e-06,
      "min": 3.5594783098595296e-13,
      "max": 3.0448767941286496e-05,
      "median": 1.237782039189242e-06,
      "p90_abs": 7.643047744761066e-06,
      "p99_abs": 2.416620805092047e-05,
      "l1": 0.004566633342298921,
      "l2": 0.00021158195492195452
    },
    "film": {
      "mean": 1.8954261064651725,
      "std": 0.9617152070794026,
      "min": 1.0000152603714278,
      "max": 3.753131624415628,
      "median": 1.4392115640367704,
      "p90_abs": 3.5445418282563494,
      "p99_abs": 3.7481629399639833,
      "l1": 2911.374499530505,
      "l2": 83.30027432380858
    },
    "q_radius": {
      "mean": -2.3690519281542293,
      "std": 9.999576404266813,
      "min": -27.95191416959793,
      "max": 23.93848588334077,
      "median": -1.2474114333366355,
      "p90_abs": 18.439158021289444,
      "p99_abs": 25.972024326656552,
      "l1": 11206.314302903194,
      "l2": 402.75010195591693
    },
    "q_theta": {
      "mean": -549.0803786181212,
      "std": 286.92801185796185,
      "min": -1131.8307571702571,
      "max": -273.44141144572626,
      "median": -420.6924096272337,
      "p90_abs": 1036.0460599814014,
      "p99_abs": 1118.0009464397342,
      "l1": 843387.4615574342,
      "l2": 24280.503069756844
    },
    "cv_residual": {
      "mean": -0.0005911811549065316,
      "std": 0.006320312920863317,
      "min": -0.024794880085408998,
      "max": 0.030082536535093615,
      "median": -0.0005684216439131994,
      "p90_abs": 0.011492360551524158,
      "p99_abs": 0.019929074312427852,
      "l1": 6.468988277542927,
      "l2": 0.24878590491433064
    },
    "fb": {
      "mean": 1.5876714304130918e-06,
      "std": 4.023425664128396e-06,
      "min": -2.2010566304853096e-06,
      "max": 2.7324080985630106e-05,
      "median": 7.396522638813963e-08,
      "p90_abs": 5.184178035994025e-06,
      "p99_abs": 2.040550858167239e-05,
      "l1": 0.003591403318842279,
      "l2": 0.00016951841650930224
    }
  },
  "gradients": {
    "pressure_net": {
      "global_l2": 0.005787201766127287,
      "max_abs": 0.003501493239272306,
      "nonfinite": 0.0,
      "element_count": 118017.0
    },
    "gamma_net": {
      "global_l2": 1.2715321372307294e-07,
      "max_abs": 1.2280274368270298e-08,
      "nonfinite": 0.0,
      "element_count": 118017.0
    }
  }
}