{
  "stage_index": 3,
  "stage_name": "cavitation_075",
  "global_epoch": 10250,
  "metrics": {
    "cv_mean_abs": 0.007045052510879767,
    "cv_p99": 0.031799012399557965,
    "cv_rmse": 0.01020723725413196,
    "global_flux_balance": 0.0059973373412040175,
    "fb_mean_abs": 1.228693578274584e-08,
    "fb_p99": 1.0549337026606608e-07,
    "max_p_times_gamma": 3.995542351331087e-09,
    "mean_p_times_gamma": 1.2442695607441203e-10,
    "pressure_min": 0.0032341418819835056,
    "pressure_max": 0.14451828545669515,
    "gamma_min": 1.0371096885734487e-17,
    "gamma_max": 7.968828442544399e-08,
    "boundary_max_error": 1.3877787807814457e-17,
    "periodic_max_error": 1.1102230246251565e-16
  },
  "fields": {
    "pressure": {
      "mean": 0.08174965809571676,
      "std": 0.03871898213912846,
      "min": 0.0032341418819835056,
      "max": 0.14451828545669515,
      "median": 0.09358844084965422,
      "p90_abs": 0.12440945204657933,
      "p99_abs": 0.14053928133161775,
      "l1": 125.56747483502093,
      "l2": 3.5451103293613797
    },
    "gamma": {
      "mean": 2.123038523981237e-09,
      "std": 7.50604196703173e-09,
      "min": 1.0371096885734487e-17,
      "max": 7.968828442544399e-08,
      "median": 5.235224723676019e-11,
      "p90_abs": 3.9594547830976746e-09,
      "p99_abs": 3.327971877089843e-08,
      "l1": 3.26098717283518e-06,
      "l2": 3.0571631357647636e-07
    },
    "film": {
      "mean": 1.8937028377983232,
      "std": 1.173833149256695,
      "min": 1.0000000000422833,
      "max": 3.9884408081566876,
      "median": 1.0909212710653684,
      "p90_abs": 3.931042360629202,
      "p99_abs": 3.9879805839366447,
      "l1": 2908.7275588582243,
      "l2": 87.3195044619209
    },
    "q_radius": {
      "mean": -14.86136819444439,
      "std": 24.20260543224564,
      "min": -64.90488091175582,
      "max": 13.558614719426092,
      "median": -2.3517753422421865,
      "p90_abs": 60.08512454103663,
      "p99_abs": 64.05451137614132,
      "l1": 28168.1869640256,
      "l2": 1113.0939362673876
    },
    "q_theta": {
      "mean": -822.5490500199908,
      "std": 521.2171127861842,
      "min": -1804.3122529054426,
      "max": -410.14085168963317,
      "median": -478.48259554328513,
      "p90_abs": 1715.3901085138484,
      "p99_abs": 1791.9856968953034,
      "l1": 1263435.3408307058,
      "l2": 38164.36137793388
    },
    "cv_residual": {
      "mean": -0.0059973373412040175,
      "std": 0.008259517974914718,
      "min": -0.03651118109322964,
      "max": 0.022870354273631776,
      "median": -0.0032525951985927348,
      "p90_abs": 0.019165285962784565,
      "p99_abs": 0.031799012399557965,
      "l1": 10.821200656711323,
      "l2": 0.4000403672984091
    },
    "fb": {
      "mean": -1.0426532733828165e-08,
      "std": 2.041118647073379e-08,
      "min": -1.5297347261827854e-07,
      "max": 6.875810326656406e-08,
      "median": -4.871620828961198e-09,
      "p90_abs": 3.214717002320011e-08,
      "p99_abs": 1.0549337026606608e-07,
      "l1": 1.887273336229761e-05,
      "l2": 8.982792022732798e-07
    }
  },
  "gradients": {
    "pressure_net": {
      "global_l2": 0.004455988971886635,
      "max_abs": 0.0029716516771111966,
      "nonfinite": 0.0,
      "element_count": 118017.0
    },
    "gamma_net": {
      "global_l2": 1.7779756290673409e-10,
      "max_abs": 1.772567314584052e-11,
      "nonfinite": 0.0,
      "element_count": 118017.0
    }
  }
}