{
  "stage_index": 0,
  "stage_name": "full_film_010",
  "global_epoch": 1,
  "metrics": {
    "cv_mean_abs": 0.010077795816136156,
    "cv_p99": 0.03414778352087366,
    "cv_rmse": 0.015270899750458792,
    "global_flux_balance": 0.0014690585378789422,
    "fb_mean_abs": 6.113009543248123e-05,
    "fb_p99": 7.446760468985958e-05,
    "max_p_times_gamma": 0.0,
    "mean_p_times_gamma": 0.0,
    "pressure_min": 0.0671302341295904,
    "pressure_max": 0.0994633193096757,
    "gamma_min": 0.0,
    "gamma_max": 0.0,
    "boundary_max_error": 1.3877787807814457e-17,
    "periodic_max_error": 0.0
  },
  "fields": {
    "pressure": {
      "mean": 0.08291477163207073,
      "std": 0.009635953010962973,
      "min": 0.0671302341295904,
      "max": 0.0994633193096757,
      "median": 0.08270369197086391,
      "p90_abs": 0.09618015174487546,
      "p99_abs": 0.09944997807792214,
      "l1": 127.35708922686064,
      "l2": 3.271452890058192
    },
    "gamma": {
      "mean": 0.0,
      "std": 0.0,
      "min": 0.0,
      "max": 0.0,
      "median": 0.0,
      "p90_abs": 0.0,
      "p99_abs": 0.0,
      "l1": 0.0,
      "l2": 0.0
    },
    "film": {
      "mean": 1.8954261064651725,
      "std": 0.9617152070794026,
      "min": 1.0000152603714278,
      "max": 3.753131624415628,
      "median": 1.4392115640367704,
      "p90_abs": 3.5445418282563494,
      "p99_abs": 3.7481629399639833,
      "l1": 2911.374499530505,
      "l2": 83.30027432380858
    },
    "q_radius": {
      "mean": 4.416891709920482,
      "std": 5.86139656578906,
      "min": 0.2800385782968347,
      "max": 19.462569000153756,
      "median": 1.0285661059659656,
      "p90_abs": 15.519727999410517,
      "p99_abs": 18.844940852336897,
      "l1": 6784.345666437861,
      "l2": 287.6395132674612
    },
    "q_theta": {
      "mean": -110.02206188791524,
      "std": 57.73618435306464,
      "min": -226.35674149716078,
      "max": -54.69075292169041,
      "median": -84.06998230842609,
      "p90_abs": 208.20133333245326,
      "p99_abs": 223.67946891611615,
      "l1": 168993.8870598378,
      "l2": 4869.626390973425
    },
    "cv_residual": {
      "mean": 0.0014690585378789426,
      "std": 0.01520007388800618,
      "min": -0.03433470841151666,
      "max": 0.03566784602642636,
      "median": 3.018957484025582e-05,
      "p90_abs": 0.029950554887968186,
      "p99_abs": 0.03414778352087366,
      "l1": 15.479494373585135,
      "l2": 0.5984945968291041
    },
    "fb": {
      "mean": -6.113009543248125e-05,
      "std": 7.176524442486193e-06,
      "min": -7.447795641601918e-05,
      "max": -5.026851796730014e-05,
      "median": -6.0455110997725825e-05,
      "p90_abs": 7.142820795280613e-05,
      "p99_abs": 7.446760468985958e-05,
      "l1": 0.09389582658429119,
      "l2": 0.0024122538598850833
    }
  },
  "gradients": {
    "pressure_net": {
      "global_l2": 0.006486233634439228,
      "max_abs": 0.006465427718626786,
      "nonfinite": 0.0,
      "element_count": 118017.0
    },
    "gamma_net": {
      "global_l2": 0.0,
      "max_abs": 0.0,
      "nonfinite": 0.0,
      "element_count": 0.0
    }
  }
}