{
  "stage_index": 5,
  "stage_name": "best_restored",
  "global_epoch": 16001,
  "metrics": {
    "cv_mean_abs": 0.019520398081600228,
    "cv_p99": 0.13752678732465548,
    "cv_rmse": 0.03417415717371764,
    "global_flux_balance": 0.006569917004674037,
    "fb_mean_abs": 2.1180742493974924e-09,
    "fb_p99": 3.317136432201604e-08,
    "max_p_times_gamma": 3.989449892168956e-09,
    "mean_p_times_gamma": 1.2319686793875027e-10,
    "pressure_min": 0.0030653021209703342,
    "pressure_max": 0.14286884716925244,
    "gamma_min": 1.0362064336540587e-17,
    "gamma_max": 7.955534976727288e-08,
    "boundary_max_error": 1.3877787807814457e-17,
    "periodic_max_error": 5.551115123125783e-17
  },
  "fields": {
    "pressure": {
      "mean": 0.08004666605441903,
      "std": 0.037827601883384326,
      "min": 0.0030653021209703342,
      "max": 0.14286884716925244,
      "median": 0.09096494267049268,
      "p90_abs": 0.1223818147470481,
      "p99_abs": 0.1367863060774449,
      "l1": 122.95167905958762,
      "l2": 3.469838120085369
    },
    "gamma": {
      "mean": 2.120376409070409e-09,
      "std": 7.494189359250105e-09,
      "min": 1.0362064336540587e-17,
      "max": 7.955534976727288e-08,
      "median": 5.232559479275261e-11,
      "p90_abs": 3.954109006327252e-09,
      "p99_abs": 3.322668486401432e-08,
      "l1": 3.256898164332148e-06,
      "l2": 3.052409289926952e-07
    },
    "film": {
      "mean": 1.89356406199902,
      "std": 1.275972772247359,
      "min": 1.0,
      "max": 3.9999775984656525,
      "median": 1.0031893195177075,
      "p90_abs": 3.9986337107160033,
      "p99_abs": 3.999974410290386,
      "l1": 2908.5143992304947,
      "l2": 89.48871408184972
    },
    "q_radius": {
      "mean": -16.496463521176207,
      "std": 26.932671250812934,
      "min": -72.4947269766181,
      "max": 10.792660524908177,
      "median": -1.7906367081349657,
      "p90_abs": 64.06047521258118,
      "p99_abs": 70.28590547398187,
      "l1": 29912.685272342886,
      "l2": 1237.8058043706005
    },
    "q_theta": {
      "mean": -1097.1113270809394,
      "std": 754.3719445358176,
      "min": -2412.712961059181,
      "max": -546.8617732692139,
      "median": -592.8351649670345,
      "p90_abs": 2329.0947613980825,
      "p99_abs": 2405.4685388938665,
      "l1": 1685162.9983963228,
      "l2": 52181.545901570506
    },
    "cv_residual": {
      "mean": -0.006569917004674027,
      "std": 0.03353668452732995,
      "min": -0.18529246653603781,
      "max": 0.09647227599644041,
      "median": -0.003016617617499117,
      "p90_abs": 0.056475129438917526,
      "p99_abs": 0.13752678732465548,
      "l1": 29.983331453337954,
      "l2": 1.3393479594445044
    },
    "fb": {
      "mean": 1.9917240489219982e-09,
      "std": 7.489432988409923e-09,
      "min": -1.478192984682991e-09,
      "max": 7.94462726161349e-08,
      "median": -1.329492071988625e-11,
      "p90_abs": 3.853362295913598e-09,
      "p99_abs": 3.317136432201604e-08,
      "l1": 3.2533620470745483e-06,
      "l2": 3.037267938867153e-07
    }
  },
  "gradients": {
    "pressure_net": {
      "global_l2": 0.0,
      "max_abs": 0.0,
      "nonfinite": 0.0,
      "element_count": 0.0
    },
    "gamma_net": {
      "global_l2": 0.0,
      "max_abs": 0.0,
      "nonfinite": 0.0,
      "element_count": 0.0
    }
  }
}