{
  "stage_index": 2,
  "stage_name": "cavitation_050",
  "global_epoch": 7250,
  "metrics": {
    "cv_mean_abs": 0.002618219456962558,
    "cv_p99": 0.011965605657945593,
    "cv_rmse": 0.00385436612973601,
    "global_flux_balance": 0.0009665534968647693,
    "fb_mean_abs": 8.9970244772025e-07,
    "fb_p99": 3.912967673769947e-06,
    "max_p_times_gamma": 2.2547937821526583e-07,
    "mean_p_times_gamma": 2.779859588436279e-08,
    "pressure_min": 0.008237136885081209,
    "pressure_max": 0.11962010415233111,
    "gamma_min": 4.917378156788744e-14,
    "gamma_max": 5.54457264546308e-06,
    "boundary_max_error": 1.3877787807814457e-17,
    "periodic_max_error": 5.551115123125783e-17
  },
  "fields": {
    "pressure": {
      "mean": 0.05849749505470483,
      "std": 0.0331094551906681,
      "min": 0.008237136885081209,
      "max": 0.11962010415233111,
      "median": 0.05789920791511585,
      "p90_abs": 0.10485832315833873,
      "p99_abs": 0.11140649706939176,
      "l1": 89.85215240402661,
      "l2": 2.6343774164443947
    },
    "gamma": {
      "mean": 8.411190764903405e-07,
      "std": 1.2634938400649329e-06,
      "min": 4.917378156788744e-14,
      "max": 5.54457264546308e-06,
      "median": 2.2969132350339017e-07,
      "p90_abs": 3.030151334303015e-06,
      "p99_abs": 4.733247301884285e-06,
      "l1": 0.001291958901489163,
      "l2": 5.9487707171539556e-05
    },
    "film": {
      "mean": 1.8954261064651725,
      "std": 0.9617152070794026,
      "min": 1.0000152603714278,
      "max": 3.753131624415628,
      "median": 1.4392115640367704,
      "p90_abs": 3.5445418282563494,
      "p99_abs": 3.7481629399639833,
      "l1": 2911.374499530505,
      "l2": 83.30027432380858
    },
    "q_radius": {
      "mean": -3.3955055450203044,
      "std": 10.978070183060623,
      "min": -32.5549180303396,
      "max": 15.84395347729697,
      "median": -1.404571770016639,
      "p90_abs": 21.909668769686363,
      "p99_abs": 29.416715412888845,
      "l1": 12407.851469515143,
      "l2": 450.3608926831007
    },
    "q_theta": {
      "mean": -548.9787205462898,
      "std": 286.7753235094688,
      "min": -1131.8427878798395,
      "max": -273.40988914630526,
      "median": -420.64336789229117,
      "p90_abs": 1035.541646471587,
      "p99_abs": 1118.4899589942675,
      "l1": 843231.314759101,
      "l2": 24274.200721428915
    },
    "cv_residual": {
      "mean": -0.0009665534968647662,
      "std": 0.003731207927703124,
      "min": -0.013847334856051373,
      "max": 0.01241319739837242,
      "median": -0.0006139300451468008,
      "p90_abs": 0.00710235084621952,
      "p99_abs": 0.011965605657945593,
      "l1": 4.02158508589449,
      "l2": 0.15105968479550805
    },
    "fb": {
      "mean": -5.853775649426939e-07,
      "std": 1.0874982706195803e-06,
      "min": -4.1612417928243994e-06,
      "max": 2.4739222800329586e-06,
      "median": -4.749810655901854e-07,
      "p90_abs": 2.0826080257413393e-06,
      "p99_abs": 3.912967673769947e-06,
      "l1": 0.001381942959698304,
      "l2": 4.840341486884186e-05
    }
  },
  "gradients": {
    "pressure_net": {
      "global_l2": 0.0009304980120714971,
      "max_abs": 0.0005922875473740122,
      "nonfinite": 0.0,
      "element_count": 118017.0
    },
    "gamma_net": {
      "global_l2": 1.1616302788717616e-08,
      "max_abs": 1.9360946264037788e-09,
      "nonfinite": 0.0,
      "element_count": 118017.0
    }
  }
}