{
  "stage_index": 4,
  "stage_name": "true_physics",
  "global_epoch": 15250,
  "metrics": {
    "cv_mean_abs": 0.012966825425172562,
    "cv_p99": 0.11067619111620654,
    "cv_rmse": 0.025235368127510836,
    "global_flux_balance": 0.009766159069388563,
    "fb_mean_abs": 3.5057669441063144e-11,
    "fb_p99": 6.570123334270762e-11,
    "max_p_times_gamma": 1.2175102694615945e-14,
    "mean_p_times_gamma": 1.7132201555668127e-16,
    "pressure_min": 0.07414730068121277,
    "pressure_max": 0.25566925068711854,
    "gamma_min": 4.0585714731655516e-57,
    "gamma_max": 1.1557851048823175e-13,
    "boundary_max_error": 1.3877787807814457e-17,
    "periodic_max_error": 1.1102230246251565e-16
  },
  "fields": {
    "pressure": {
      "mean": 0.15101790277987748,
      "std": 0.03381258507801238,
      "min": 0.07414730068121277,
      "max": 0.25566925068711854,
      "median": 0.15369734148040426,
      "p90_abs": 0.19567488411925052,
      "p99_abs": 0.22411885156116812,
      "l1": 231.9634986698918,
      "l2": 6.065206997938684
    },
    "gamma": {
      "mean": 1.4143593155897355e-15,
      "std": 9.555338924026536e-15,
      "min": 4.0585714731655516e-57,
      "max": 1.1557851048823175e-13,
      "median": 4.438883943501066e-23,
      "p90_abs": 5.4661135232580214e-17,
      "p99_abs": 6.036680760980051e-14,
      "l1": 2.172455908745834e-12,
      "l2": 3.785714572601534e-13
    },
    "film": {
      "mean": 1.89356406199902,
      "std": 1.275972772247359,
      "min": 1.0,
      "max": 3.9999775984656525,
      "median": 1.0031893195177075,
      "p90_abs": 3.9986337107160033,
      "p99_abs": 3.999974410290386,
      "l1": 2908.5143992304947,
      "l2": 89.48871408184972
    },
    "q_radius": {
      "mean": -22.034349220002728,
      "std": 36.247011332810864,
      "min": -103.05880881830646,
      "max": 21.023409366533663,
      "median": -1.7636937852406422,
      "p90_abs": 89.31058802570499,
      "p99_abs": 101.16869775777958,
      "l1": 38684.1247166758,
      "l2": 1662.4723954715425
    },
    "q_theta": {
      "mean": -1099.1245151700232,
      "std": 757.621655775762,
      "min": -2412.7265197828997,
      "max": -546.8583590563205,
      "median": -592.5076632659616,
      "p90_abs": 2345.195823099197,
      "p99_abs": 2404.975596224997,
      "l1": 1688255.2553011556,
      "l2": 52318.75628830976
    },
    "cv_residual": {
      "mean": -0.00976615906938857,
      "std": 0.023268990987199877,
      "min": -0.17422258296164744,
      "max": 0.07478685650942236,
      "median": -0.003803409471421791,
      "p90_abs": 0.036802059124073846,
      "p99_abs": 0.11067619111620654,
      "l1": 19.917043853065053,
      "l2": 0.9890204061391252
    },
    "fb": {
      "mean": -3.5057669441063144e-11,
      "std": 9.166603121523943e-12,
      "min": -6.743339220349753e-11,
      "max": -1.9556800623377057e-11,
      "median": -3.253153302296141e-11,
      "p90_abs": 4.744238335518958e-11,
      "p99_abs": 6.570123334270762e-11,
      "l1": 5.384858026147299e-08,
      "l2": 1.420165695937952e-09
    }
  },
  "gradients": {
    "pressure_net": {
      "global_l2": 0.02476501157958808,
      "max_abs": 0.012837888985507804,
      "nonfinite": 0.0,
      "element_count": 118017.0
    },
    "gamma_net": {
      "global_l2": 4.303087897607373e-16,
      "max_abs": 2.6975912538263753e-17,
      "nonfinite": 0.0,
      "element_count": 118017.0
    }
  }
}