{
  "stage_index": 1,
  "stage_name": "cavitation_025",
  "global_epoch": 3500,
  "metrics": {
    "cv_mean_abs": 0.005834649169756095,
    "cv_p99": 0.04067105045554763,
    "cv_rmse": 0.009854347865973617,
    "global_flux_balance": 0.002167615026350653,
    "fb_mean_abs": 0.00022221499881681432,
    "fb_p99": 0.001385717636130619,
    "max_p_times_gamma": 3.7994603662692366e-05,
    "mean_p_times_gamma": 6.550482806878055e-06,
    "pressure_min": 0.0008486802586186769,
    "pressure_max": 0.10076525753662165,
    "gamma_min": 5.572554428515537e-08,
    "gamma_max": 0.002302656912027592,
    "boundary_max_error": 1.3877787807814457e-17,
    "periodic_max_error": 1.5265566588595902e-16
  },
  "fields": {
    "pressure": {
      "mean": 0.03797041083835825,
      "std": 0.03233288674126749,
      "min": 0.0008486802586186769,
      "max": 0.10076525753662165,
      "median": 0.0254309702038307,
      "p90_abs": 0.0980042123515526,
      "p99_abs": 0.10035142041744889,
      "l1": 58.32255104771827,
      "l2": 1.954556095971482
    },
    "gamma": {
      "mean": 0.00032038420669316145,
      "std": 0.0003516528547868329,
      "min": 5.572554428515537e-08,
      "max": 0.002302656912027592,
      "median": 0.00024282908791167953,
      "p90_abs": 0.0006935227953496643,
      "p99_abs": 0.0019011807697954914,
      "l1": 0.492110141480696,
      "l2": 0.018644185769124286
    },
    "film": {
      "mean": 1.8954261064651725,
      "std": 0.9617152070794026,
      "min": 1.0000152603714278,
      "max": 3.753131624415628,
      "median": 1.4392115640367704,
      "p90_abs": 3.5445418282563494,
      "p99_abs": 3.7481629399639833,
      "l1": 2911.374499530505,
      "l2": 83.30027432380858
    },
    "q_radius": {
      "mean": 1.976602144718809,
      "std": 8.212036605905979,
      "min": -13.271053264056592,
      "max": 44.38134437911389,
      "median": -1.164095738691862,
      "p90_abs": 13.2653382546968,
      "p99_abs": 31.994694191540034,
      "l1": 8710.072323508952,
      "l2": 331.03648428543204
    },
    "q_theta": {
      "mean": -273.98745022958695,
      "std": 142.71923189245493,
      "min": -565.9632605767173,
      "max": -136.72168438807702,
      "median": -210.17362340055016,
      "p90_abs": 513.9889766124767,
      "p99_abs": 559.6354488965128,
      "l1": 420844.72355264553,
      "l2": 12107.543827143236
    },
    "cv_residual": {
      "mean": 0.0021676150263506525,
      "std": 0.009612992092015766,
      "min": -0.03940394091216952,
      "max": 0.08912032448883428,
      "median": 0.000955558998948362,
      "p90_abs": 0.013397298325012944,
      "p99_abs": 0.04067105045554763,
      "l1": 8.962021124745366,
      "l2": 0.3862099843123148
    },
    "fb": {
      "mean": -2.8244965504058627e-05,
      "std": 0.000371107640445508,
      "min": -0.0027122137119399616,
      "max": 0.0015110636425288149,
      "median": -9.005754257940257e-06,
      "p90_abs": 0.0005526644659131202,
      "p99_abs": 0.001385717636130619,
      "l1": 0.3413222381826268,
      "l2": 0.014586454676496198
    }
  },
  "gradients": {
    "pressure_net": {
      "global_l2": 0.004503746495405566,
      "max_abs": 0.002138669822249888,
      "nonfinite": 0.0,
      "element_count": 118017.0
    },
    "gamma_net": {
      "global_l2": 8.290636033349969e-05,
      "max_abs": 1.3625669888047552e-05,
      "nonfinite": 0.0,
      "element_count": 118017.0
    }
  }
}