{
  "stage_index": 2,
  "stage_name": "cavitation_050",
  "global_epoch": 6750,
  "metrics": {
    "cv_mean_abs": 0.0029514991057107477,
    "cv_p99": 0.012722179814640674,
    "cv_rmse": 0.004182671757043137,
    "global_flux_balance": 0.001120612753958603,
    "fb_mean_abs": 8.987553416603302e-07,
    "fb_p99": 3.230302215007087e-06,
    "max_p_times_gamma": 1.647956942136669e-07,
    "mean_p_times_gamma": 1.589670499946315e-08,
    "pressure_min": 0.010309278836315279,
    "pressure_max": 0.11354334547491758,
    "gamma_min": 1.8066692151509466e-14,
    "gamma_max": 3.4617365031374584e-06,
    "boundary_max_error": 1.3877787807814457e-17,
    "periodic_max_error": 6.245004513516506e-17
  },
  "fields": {
    "pressure": {
      "mean": 0.05885721400906143,
      "std": 0.03206066799408774,
      "min": 0.010309278836315279,
      "max": 0.11354334547491758,
      "median": 0.058554858079533874,
      "p90_abs": 0.10383859016200672,
      "p99_abs": 0.11189467669044886,
      "l1": 90.40468071791835,
      "l2": 2.626747266170891
    },
    "gamma": {
      "mean": 4.5469976056674105e-07,
      "std": 6.802581258602875e-07,
      "min": 1.8066692151509466e-14,
      "max": 3.4617365031374584e-06,
      "median": 1.324805430232969e-07,
      "p90_abs": 1.6258993396435216e-06,
      "p99_abs": 2.7182388364880086e-06,
      "l1": 0.0006984188322305142,
      "l2": 3.2067999512437724e-05
    },
    "film": {
      "mean": 1.8954261064651725,
      "std": 0.9617152070794026,
      "min": 1.0000152603714278,
      "max": 3.753131624415628,
      "median": 1.4392115640367704,
      "p90_abs": 3.5445418282563494,
      "p99_abs": 3.7481629399639833,
      "l1": 2911.374499530505,
      "l2": 83.30027432380858
    },
    "q_radius": {
      "mean": -3.382814428453566,
      "std": 10.84525996408691,
      "min": -30.832729948028895,
      "max": 16.07995689501995,
      "median": -1.3930643149738304,
      "p90_abs": 21.47404017992622,
      "p99_abs": 28.152882940811523,
      "l1": 12298.323509100832,
      "l2": 445.2425375188509
    },
    "q_theta": {
      "mean": -549.0036454975958,
      "std": 286.81338485300654,
      "min": -1131.8335486711335,
      "max": -273.4170166392739,
      "median": -420.6497340995328,
      "p90_abs": 1035.4917101734782,
      "p99_abs": 1118.536722195352,
      "l1": 843269.5994843071,
      "l2": 24275.757246453726
    },
    "cv_residual": {
      "mean": -0.001120612753958601,
      "std": 0.004029760549068846,
      "min": -0.015302893295241596,
      "max": 0.019648867979960308,
      "median": -0.0008735159539004221,
      "p90_abs": 0.00727524092081878,
      "p99_abs": 0.012722179814640674,
      "l1": 4.533502626371709,
      "l2": 0.16392658506089694
    },
    "fb": {
      "mean": -8.571162658503408e-07,
      "std": 7.878568870058474e-07,
      "min": -3.4885072517087945e-06,
      "max": 1.5163862019385022e-06,
      "median": -5.910031307398977e-07,
      "p90_abs": 2.0127601505423587e-06,
      "p99_abs": 3.230302215007087e-06,
      "l1": 0.0013804882047902672,
      "l2": 4.562722164470269e-05
    }
  },
  "gradients": {
    "pressure_net": {
      "global_l2": 0.0025846173205972896,
      "max_abs": 0.0016602770987362465,
      "nonfinite": 0.0,
      "element_count": 118017.0
    },
    "gamma_net": {
      "global_l2": 4.63219370243259e-09,
      "max_abs": 4.3091107676774214e-10,
      "nonfinite": 0.0,
      "element_count": 118017.0
    }
  }
}