{
  "stage_index": 0,
  "stage_name": "full_film_010",
  "global_epoch": 1750,
  "metrics": {
    "cv_mean_abs": 0.0017844240050451413,
    "cv_p99": 0.005849828268849046,
    "cv_rmse": 0.0022380982958235523,
    "global_flux_balance": 0.0009851748794116259,
    "fb_mean_abs": 4.944196428594439e-05,
    "fb_p99": 7.115096604963235e-05,
    "max_p_times_gamma": 0.0,
    "mean_p_times_gamma": 0.0,
    "pressure_min": 0.07007481640626406,
    "pressure_max": 0.11497779421679051,
    "gamma_min": 0.0,
    "gamma_max": 0.0,
    "boundary_max_error": 1.3877787807814457e-17,
    "periodic_max_error": 2.7755575615628914e-17
  },
  "fields": {
    "pressure": {
      "mean": 0.10215962622102369,
      "std": 0.009248196172913944,
      "min": 0.07007481640626406,
      "max": 0.11497779421679051,
      "median": 0.10409663482578832,
      "p90_abs": 0.11052751127495669,
      "p99_abs": 0.11457940135862549,
      "l1": 156.91718587549238,
      "l2": 4.020195742018359
    },
    "gamma": {
      "mean": 0.0,
      "std": 0.0,
      "min": 0.0,
      "max": 0.0,
      "median": 0.0,
      "p90_abs": 0.0,
      "p99_abs": 0.0,
      "l1": 0.0,
      "l2": 0.0
    },
    "film": {
      "mean": 1.8954261064651725,
      "std": 0.9617152070794026,
      "min": 1.0000152603714278,
      "max": 3.753131624415628,
      "median": 1.4392115640367704,
      "p90_abs": 3.5445418282563494,
      "p99_abs": 3.7481629399639833,
      "l1": 2911.374499530505,
      "l2": 83.30027432380858
    },
    "q_radius": {
      "mean": -1.123764523386101,
      "std": 2.4666576585792424,
      "min": -7.057917704767186,
      "max": 2.2985505219582683,
      "median": -0.5576952402867548,
      "p90_abs": 5.266284210779736,
      "p99_abs": 6.86914625215402,
      "l1": 3009.0899608956584,
      "l2": 106.23262655363742
    },
    "q_theta": {
      "mean": -110.02048647326929,
      "std": 57.73844821570215,
      "min": -226.34919804744803,
      "max": -54.68713951205946,
      "median": -84.04351816358088,
      "p90_abs": 208.02736683013035,
      "p99_abs": 223.71736738696958,
      "l1": 168991.46722294163,
      "l2": 4869.612947629455
    },
    "cv_residual": {
      "mean": -0.0009851748794116259,
      "std": 0.0020096055430717185,
      "min": -0.006790093840164135,
      "max": 0.0052129700928850884,
      "median": -0.001123887700916838,
      "p90_abs": 0.003781152097223934,
      "p99_abs": 0.005849828268849046,
      "l1": 2.7408752717493368,
      "l2": 0.08771518110336485
    },
    "fb": {
      "mean": -4.944196428594439e-05,
      "std": 5.5796176856458385e-06,
      "min": -7.134867738112227e-05,
      "max": -4.348583553159813e-05,
      "median": -4.8031184385011194e-05,
      "p90_abs": 5.530880642934388e-05,
      "p99_abs": 7.115096604963235e-05,
      "l1": 0.07594285714321058,
      "l2": 0.001950021278789234
    }
  },
  "gradients": {
    "pressure_net": {
      "global_l2": 1.1895202226952649e-05,
      "max_abs": 2.7037316245072567e-06,
      "nonfinite": 0.0,
      "element_count": 118017.0
    },
    "gamma_net": {
      "global_l2": 0.0,
      "max_abs": 0.0,
      "nonfinite": 0.0,
      "element_count": 0.0
    }
  }
}