{
  "stage_index": 2,
  "stage_name": "cavitation_050",
  "global_epoch": 6000,
  "metrics": {
    "cv_mean_abs": 0.0042519491048253885,
    "cv_p99": 0.021010793161183372,
    "cv_rmse": 0.006307856642795132,
    "global_flux_balance": 0.0005711931743688905,
    "fb_mean_abs": 3.7818547332027002e-06,
    "fb_p99": 5.132012932202727e-05,
    "max_p_times_gamma": 1.6555561565413448e-06,
    "mean_p_times_gamma": 1.4566545116327902e-07,
    "pressure_min": 0.011271180409524757,
    "pressure_max": 0.1133874608101774,
    "gamma_min": 5.206280756301601e-13,
    "gamma_max": 7.255763174470485e-05,
    "boundary_max_error": 1.3877787807814457e-17,
    "periodic_max_error": 6.938893903907228e-17
  },
  "fields": {
    "pressure": {
      "mean": 0.05497819840203888,
      "std": 0.03030530499053907,
      "min": 0.011271180409524757,
      "max": 0.1133874608101774,
      "median": 0.05198808481032707,
      "p90_abs": 0.10319152557920033,
      "p99_abs": 0.11104930380065468,
      "l1": 84.44651274553172,
      "l2": 2.460365259939882
    },
    "gamma": {
      "mean": 4.343568494069755e-06,
      "std": 8.87317100299813e-06,
      "min": 5.206280756301601e-13,
      "max": 7.255763174470485e-05,
      "median": 1.1156691086251746e-06,
      "p90_abs": 1.1207738678886599e-05,
      "p99_abs": 5.3428207967052756e-05,
      "l1": 0.006671721206891144,
      "l2": 0.0003871862825559343
    },
    "film": {
      "mean": 1.8954261064651725,
      "std": 0.9617152070794026,
      "min": 1.0000152603714278,
      "max": 3.753131624415628,
      "median": 1.4392115640367704,
      "p90_abs": 3.5445418282563494,
      "p99_abs": 3.7481629399639833,
      "l1": 2911.374499530505,
      "l2": 83.30027432380858
    },
    "q_radius": {
      "mean": -3.1221539860080405,
      "std": 10.916776554057728,
      "min": -34.653944788233105,
      "max": 20.40510123377822,
      "median": -1.3117839017420891,
      "p90_abs": 20.576397107553937,
      "p99_abs": 30.644550996672372,
      "l1": 12137.282296516234,
      "l2": 445.0022950229854
    },
    "q_theta": {
      "mean": -549.0326965093064,
      "std": 286.8502302207322,
      "min": -1131.8262522778125,
      "max": -273.44584656932454,
      "median": -420.642120199797,
      "p90_abs": 1035.1199590913388,
      "p99_abs": 1118.2916778060248,
      "l1": 843314.2218382946,
      "l2": 24277.435059162523
    },
    "cv_residual": {
      "mean": -0.0005711931743688864,
      "std": 0.006281941879992928,
      "min": -0.020597146028689475,
      "max": 0.04110796052724605,
      "median": -0.0007300573955390305,
      "p90_abs": 0.011019979962128706,
      "p99_abs": 0.021010793161183372,
      "l1": 6.530993825011797,
      "l2": 0.2472164823275746
    },
    "fb": {
      "mean": 3.0120018334015494e-06,
      "std": 8.558049390229313e-06,
      "min": -2.386885949112738e-06,
      "max": 6.982784090078797e-05,
      "median": 4.638122269584599e-08,
      "p90_abs": 8.839699094390085e-06,
      "p99_abs": 5.132012932202727e-05,
      "l1": 0.005808928870199348,
      "l2": 0.00035557248450040195
    }
  },
  "gradients": {
    "pressure_net": {
      "global_l2": 0.00762041231459613,
      "max_abs": 0.0047646102257602255,
      "nonfinite": 0.0,
      "element_count": 118017.0
    },
    "gamma_net": {
      "global_l2": 1.877872071483457e-07,
      "max_abs": 2.991795196752441e-08,
      "nonfinite": 0.0,
      "element_count": 118017.0
    }
  }
}