{
  "stage_index": 2,
  "stage_name": "cavitation_050",
  "global_epoch": 5500,
  "metrics": {
    "cv_mean_abs": 0.005411270770821834,
    "cv_p99": 0.0334145396888756,
    "cv_rmse": 0.00850433355806191,
    "global_flux_balance": 0.00015036197990564893,
    "fb_mean_abs": 2.887681648721017e-06,
    "fb_p99": 2.0293493863697564e-05,
    "max_p_times_gamma": 1.236316564878047e-06,
    "mean_p_times_gamma": 1.1354072257285689e-07,
    "pressure_min": 0.0031679156740892812,
    "pressure_max": 0.1110174401865257,
    "gamma_min": 3.4942605051922874e-12,
    "gamma_max": 2.9346569544337527e-05,
    "boundary_max_error": 1.3877787807814457e-17,
    "periodic_max_error": 9.71445146547012e-17
  },
  "fields": {
    "pressure": {
      "mean": 0.04709674881134277,
      "std": 0.03228184227514321,
      "min": 0.0031679156740892812,
      "max": 0.1110174401865257,
      "median": 0.03960486459712874,
      "p90_abs": 0.10231921422612165,
      "p99_abs": 0.10960919107303059,
      "l1": 72.3406061742225,
      "l2": 2.2377889965606332
    },
    "gamma": {
      "mean": 3.7412778731274418e-06,
      "std": 4.950092979786962e-06,
      "min": 3.4942605051922874e-12,
      "max": 2.9346569544337527e-05,
      "median": 1.8751501337752932e-06,
      "p90_abs": 1.0151311417973936e-05,
      "p99_abs": 2.3543685420679186e-05,
      "l1": 0.005746602813123751,
      "l2": 0.00024318078018524273
    },
    "film": {
      "mean": 1.8954261064651725,
      "std": 0.9617152070794026,
      "min": 1.0000152603714278,
      "max": 3.753131624415628,
      "median": 1.4392115640367704,
      "p90_abs": 3.5445418282563494,
      "p99_abs": 3.7481629399639833,
      "l1": 2911.374499530505,
      "l2": 83.30027432380858
    },
    "q_radius": {
      "mean": -2.267715920880545,
      "std": 11.229811280369733,
      "min": -30.53620226922178,
      "max": 40.05755366183161,
      "median": -1.4491401453329256,
      "p90_abs": 20.96114454155685,
      "p99_abs": 29.44343855591749,
      "l1": 12349.925274863921,
      "l2": 449.0009336558898
    },
    "q_theta": {
      "mean": -549.0075003993534,
      "std": 286.8466714435159,
      "min": -1131.7383613277048,
      "max": -273.4459121669241,
      "median": -420.7698482859645,
      "p90_abs": 1034.525709363409,
      "p99_abs": 1118.077087419916,
      "l1": 843275.5206134068,
      "l2": 24276.49524874467
    },
    "cv_residual": {
      "mean": -0.00015036197990564697,
      "std": 0.008503004206853999,
      "min": -0.019773939756027197,
      "max": 0.05668575620333366,
      "median": -0.0007259353350539393,
      "p90_abs": 0.012870730309498386,
      "p99_abs": 0.0334145396888756,
      "l1": 8.311711903982337,
      "l2": 0.33330044511487067
    },
    "fb": {
      "mean": 1.7976369778552917e-06,
      "std": 4.5008532417201166e-06,
      "min": -1.0807144973958016e-05,
      "max": 2.5011742377512025e-05,
      "median": 3.207791941239879e-07,
      "p90_abs": 8.121262528658357e-06,
      "p99_abs": 2.0293493863697564e-05,
      "l1": 0.004435479012435482,
      "l2": 0.00018994572472513926
    }
  },
  "gradients": {
    "pressure_net": {
      "global_l2": 0.0050346183157526335,
      "max_abs": 0.0027410438573229993,
      "nonfinite": 0.0,
      "element_count": 118017.0
    },
    "gamma_net": {
      "global_l2": 7.973852700693596e-08,
      "max_abs": 7.763131855412456e-09,
      "nonfinite": 0.0,
      "element_count": 118017.0
    }
  }
}