{
  "stage_index": 4,
  "stage_name": "true_physics",
  "global_epoch": 13500,
  "metrics": {
    "cv_mean_abs": 0.01584620761296824,
    "cv_p99": 0.13047136090599845,
    "cv_rmse": 0.03084152237144872,
    "global_flux_balance": 0.009099607883330396,
    "fb_mean_abs": 3.558694904153466e-11,
    "fb_p99": 6.513282690967517e-11,
    "max_p_times_gamma": 1.306210800036565e-14,
    "mean_p_times_gamma": 1.7295388132225196e-16,
    "pressure_min": 0.07379303844713343,
    "pressure_max": 0.226709774918271,
    "gamma_min": 4.058571139734675e-57,
    "gamma_max": 1.1557851628838721e-13,
    "boundary_max_error": 1.3877787807814457e-17,
    "periodic_max_error": 8.326672684688674e-17
  },
  "fields": {
    "pressure": {
      "mean": 0.14810554632706224,
      "std": 0.032387492768725525,
      "min": 0.07379303844713343,
      "max": 0.226709774918271,
      "median": 0.1477832321315512,
      "p90_abs": 0.19100254975928893,
      "p99_abs": 0.22243345152486554,
      "l1": 227.4901191583676,
      "l2": 5.941694632214558
    },
    "gamma": {
      "mean": 1.4143591487359527e-15,
      "std": 9.555338215565902e-15,
      "min": 4.058571139734675e-57,
      "max": 1.1557851628838721e-13,
      "median": 4.438883778885039e-23,
      "p90_abs": 5.466113798568406e-17,
      "p99_abs": 6.036678294451245e-14,
      "l1": 2.1724556524584233e-12,
      "l2": 3.7857142883603574e-13
    },
    "film": {
      "mean": 1.89356406199902,
      "std": 1.275972772247359,
      "min": 1.0,
      "max": 3.9999775984656525,
      "median": 1.0031893195177075,
      "p90_abs": 3.9986337107160033,
      "p99_abs": 3.999974410290386,
      "l1": 2908.5143992304947,
      "l2": 89.48871408184972
    },
    "q_radius": {
      "mean": -20.46106127283988,
      "std": 33.533215255814824,
      "min": -92.12735453250448,
      "max": 7.932818814824982,
      "median": -1.607642808965441,
      "p90_abs": 82.3682334083179,
      "p99_abs": 89.92164237529514,
      "l1": 35484.94727315406,
      "l2": 1539.5616475615761
    },
    "q_theta": {
      "mean": -1099.2870838941483,
      "std": 757.8760701478559,
      "min": -2412.770193740875,
      "max": -546.8441822709668,
      "median": -592.3397516341147,
      "p90_abs": 2345.913066014481,
      "p99_abs": 2405.4616769852464,
      "l1": 1688504.9608614116,
      "l2": 52329.6612073648
    },
    "cv_residual": {
      "mean": -0.009099607883330392,
      "std": 0.02946857035144737,
      "min": -0.21415879106039337,
      "max": 0.12512817349371563,
      "median": -0.003915767078389903,
      "p90_abs": 0.04501079846595978,
      "p99_abs": 0.13047136090599845,
      "l1": 24.339774893519213,
      "l2": 1.208735883210905
    },
    "fb": {
      "mean": -3.5586949041534664e-11,
      "std": 8.799898285307929e-12,
      "min": -6.775702221517577e-11,
      "max": -2.205435833957381e-11,
      "median": -3.383338054163687e-11,
      "p90_abs": 4.75068873129203e-11,
      "p99_abs": 6.513282690967517e-11,
      "l1": 5.466155372779724e-08,
      "l2": 1.4367264935762204e-09
    }
  },
  "gradients": {
    "pressure_net": {
      "global_l2": 0.025873652017172392,
      "max_abs": 0.014089046405796012,
      "nonfinite": 0.0,
      "element_count": 118017.0
    },
    "gamma_net": {
      "global_l2": 1.4091274890332424e-15,
      "max_abs": 1.3688050523265086e-16,
      "nonfinite": 0.0,
      "element_count": 118017.0
    }
  }
}