{
  "stage_index": 2,
  "stage_name": "cavitation_050",
  "global_epoch": 5250,
  "metrics": {
    "cv_mean_abs": 0.005630864021414578,
    "cv_p99": 0.03838160399737356,
    "cv_rmse": 0.009233264685704543,
    "global_flux_balance": 0.0005984493069876764,
    "fb_mean_abs": 7.252133444056748e-06,
    "fb_p99": 0.00011406727826936971,
    "max_p_times_gamma": 8.104528668420656e-06,
    "mean_p_times_gamma": 1.825504728320317e-07,
    "pressure_min": 0.0008306639721381113,
    "pressure_max": 0.11039850961204296,
    "gamma_min": 1.2113490031002321e-11,
    "gamma_max": 0.00041959967845029697,
    "boundary_max_error": 1.3877787807814457e-17,
    "periodic_max_error": 1.6653345369377348e-16
  },
  "fields": {
    "pressure": {
      "mean": 0.0462185869852214,
      "std": 0.03245751276829341,
      "min": 0.0008306639721381113,
      "max": 0.11039850961204296,
      "median": 0.03902572572242419,
      "p90_abs": 0.10121822967238739,
      "p99_abs": 0.10840249406907491,
      "l1": 70.99174960930007,
      "l2": 2.213436062340661
    },
    "gamma": {
      "mean": 8.383720973815933e-06,
      "std": 3.364988207855877e-05,
      "min": 1.2113490031002321e-11,
      "max": 0.00041959967845029697,
      "median": 2.2749850330518533e-06,
      "p90_abs": 1.2330623515161516e-05,
      "p99_abs": 0.00012962495755479723,
      "l1": 0.012877395415781274,
      "l2": 0.0013591157640860494
    },
    "film": {
      "mean": 1.8954261064651725,
      "std": 0.9617152070794026,
      "min": 1.0000152603714278,
      "max": 3.753131624415628,
      "median": 1.4392115640367704,
      "p90_abs": 3.5445418282563494,
      "p99_abs": 3.7481629399639833,
      "l1": 2911.374499530505,
      "l2": 83.30027432380858
    },
    "q_radius": {
      "mean": -1.8374724125062316,
      "std": 11.11617357503237,
      "min": -33.068349780362986,
      "max": 41.067524679951674,
      "median": -1.4401803698462567,
      "p90_abs": 19.26102780125027,
      "p99_abs": 31.185251853596878,
      "l1": 12163.10373835087,
      "l2": 441.5749902778293
    },
    "q_theta": {
      "mean": -549.0040480236747,
      "std": 286.85008105711023,
      "min": -1131.904793567809,
      "max": -273.44109921425667,
      "median": -421.05186789367315,
      "p90_abs": 1035.2906195489732,
      "p99_abs": 1118.6273650620906,
      "l1": 843270.2177643643,
      "l2": 24276.43720808794
    },
    "cv_residual": {
      "mean": 0.0005984493069876788,
      "std": 0.009213850182374608,
      "min": -0.038534331677857,
      "max": 0.07595186424374784,
      "median": -0.00042788550330171674,
      "p90_abs": 0.012083308978673341,
      "p99_abs": 0.03838160399737356,
      "l1": 8.649007136892791,
      "l2": 0.3618685942405667
    },
    "fb": {
      "mean": 6.0919670428269625e-06,
      "std": 3.263935766567949e-05,
      "min": -1.4090265594398493e-05,
      "max": 0.00041431458575448554,
      "median": 5.74023998278772e-07,
      "p90_abs": 9.682300116872766e-06,
      "p99_abs": 0.00011406727826936971,
      "l1": 0.011139276970071166,
      "l2": 0.0013012868351153816
    }
  },
  "gradients": {
    "pressure_net": {
      "global_l2": 0.0028126337665568117,
      "max_abs": 0.0011672324770896905,
      "nonfinite": 0.0,
      "element_count": 118017.0
    },
    "gamma_net": {
      "global_l2": 1.2000662131570591e-05,
      "max_abs": 1.5225003587946713e-06,
      "nonfinite": 0.0,
      "element_count": 118017.0
    }
  }
}