{
  "stage_index": 1,
  "stage_name": "cavitation_025",
  "global_epoch": 2250,
  "metrics": {
    "cv_mean_abs": 0.028749191848194064,
    "cv_p99": 0.16852411866993727,
    "cv_rmse": 0.04509926981632154,
    "global_flux_balance": 0.008842951954157373,
    "fb_mean_abs": 0.0028115451747512546,
    "fb_p99": 0.009722428490465422,
    "max_p_times_gamma": 0.00032139868423094033,
    "mean_p_times_gamma": 8.38910446801471e-06,
    "pressure_min": 4.962295751931394e-07,
    "pressure_max": 0.09982565572608124,
    "gamma_min": 1.7414416694844946e-09,
    "gamma_max": 0.05093651389864949,
    "boundary_max_error": 1.3877787807814457e-17,
    "periodic_max_error": 3.469446951953614e-17
  },
  "fields": {
    "pressure": {
      "mean": 0.02309180651494321,
      "std": 0.03290244372717867,
      "min": 4.962295751931394e-07,
      "max": 0.09982565572608124,
      "median": 0.002637095392775733,
      "p90_abs": 0.0862758789412531,
      "p99_abs": 0.09927999092864041,
      "l1": 35.46901480695277,
      "l2": 1.5753959441816439
    },
    "gamma": {
      "mean": 0.004040168651406062,
      "std": 0.008344888013477578,
      "min": 1.7414416694844946e-09,
      "max": 0.05093651389864949,
      "median": 0.0004403349596023557,
      "p90_abs": 0.013043557603639686,
      "p99_abs": 0.041162696936739615,
      "l1": 6.205699048559711,
      "l2": 0.36336585187210885
    },
    "film": {
      "mean": 1.8954261064651725,
      "std": 0.9617152070794026,
      "min": 1.0000152603714278,
      "max": 3.753131624415628,
      "median": 1.4392115640367704,
      "p90_abs": 3.5445418282563494,
      "p99_abs": 3.7481629399639833,
      "l1": 2911.374499530505,
      "l2": 83.30027432380858
    },
    "q_radius": {
      "mean": 10.208136175392818,
      "std": 18.415420866297968,
      "min": -14.946609989151897,
      "max": 140.0597279113432,
      "median": 1.474728638415898,
      "p90_abs": 32.3843812408236,
      "p99_abs": 86.0164982014797,
      "l1": 17556.880594387396,
      "l2": 825.2034115915094
    },
    "q_theta": {
      "mean": -273.71392648172775,
      "std": 143.51521558474403,
      "min": -566.5994110746674,
      "max": -132.45514532620518,
      "median": -210.27814076758366,
      "p90_abs": 515.7734358809134,
      "p99_abs": 559.6312589666238,
      "l1": 420424.59107593383,
      "l2": 12112.49229040531
    },
    "cv_residual": {
      "mean": 0.008842951954157342,
      "std": 0.04422382094190682,
      "min": -0.22969713838984956,
      "max": 0.21137592748414152,
      "median": 0.002789828012626769,
      "p90_abs": 0.07330991811280718,
      "p99_abs": 0.16852411866993727,
      "l1": 44.15875867882608,
      "l2": 1.7675231811534498
    },
    "fb": {
      "mean": -0.001896456546902385,
      "std": 0.0038022948132611974,
      "min": -0.009725755438265992,
      "max": 0.019623211387317582,
      "median": -0.00042342650746105687,
      "p90_abs": 0.008133759288844047,
      "p99_abs": 0.009722428490465422,
      "l1": 4.318533388417927,
      "l2": 0.16652607507530942
    }
  },
  "gradients": {
    "pressure_net": {
      "global_l2": 0.004358181583857429,
      "max_abs": 0.0026672569926868904,
      "nonfinite": 0.0,
      "element_count": 118017.0
    },
    "gamma_net": {
      "global_l2": 0.00034591471439751446,
      "max_abs": 5.342798709608776e-05,
      "nonfinite": 0.0,
      "element_count": 118017.0
    }
  }
}