{
  "stage_index": 1,
  "stage_name": "cavitation_025",
  "global_epoch": 5000,
  "metrics": {
    "cv_mean_abs": 0.004626597461662206,
    "cv_p99": 0.03578760669197091,
    "cv_rmse": 0.007823148590651145,
    "global_flux_balance": 0.0023157773340967153,
    "fb_mean_abs": 8.534635528644864e-05,
    "fb_p99": 0.00043050795495556065,
    "max_p_times_gamma": 5.312110007012332e-05,
    "mean_p_times_gamma": 4.933734530442249e-06,
    "pressure_min": 0.002897103348750845,
    "pressure_max": 0.10071131736500918,
    "gamma_min": 5.7682894118378175e-08,
    "gamma_max": 0.0012058930325705322,
    "boundary_max_error": 1.3877787807814457e-17,
    "periodic_max_error": 1.0408340855860843e-16
  },
  "fields": {
    "pressure": {
      "mean": 0.040966937635506205,
      "std": 0.030009369635236934,
      "min": 0.002897103348750845,
      "max": 0.10071131736500918,
      "median": 0.028146937547472224,
      "p90_abs": 0.09734795976799505,
      "p99_abs": 0.1003937685334697,
      "l1": 62.92521620813753,
      "l2": 1.9902555234261978
    },
    "gamma": {
      "mean": 0.00019005376987198827,
      "std": 0.00018628912746659754,
      "min": 5.7682894118378175e-08,
      "max": 0.0012058930325705322,
      "median": 0.00016351576728326132,
      "p90_abs": 0.0003622118689885052,
      "p99_abs": 0.0010572458434855735,
      "l1": 0.291922590523374,
      "l2": 0.010430042107422429
    },
    "film": {
      "mean": 1.8954261064651725,
      "std": 0.9617152070794026,
      "min": 1.0000152603714278,
      "max": 3.753131624415628,
      "median": 1.4392115640367704,
      "p90_abs": 3.5445418282563494,
      "p99_abs": 3.7481629399639833,
      "l1": 2911.374499530505,
      "l2": 83.30027432380858
    },
    "q_radius": {
      "mean": 2.0436130772322447,
      "std": 7.061177545935093,
      "min": -9.42551025583639,
      "max": 41.70537364616101,
      "median": -0.9118274309971985,
      "p90_abs": 11.955782481600416,
      "p99_abs": 27.36140753884632,
      "l1": 7457.054973703301,
      "l2": 288.0975374691467
    },
    "q_theta": {
      "mean": -274.10516446907064,
      "std": 142.8545569156271,
      "min": -565.8869210180338,
      "max": -136.72046866162913,
      "median": -210.49084873437891,
      "p90_abs": 514.3643014998804,
      "p99_abs": 558.9407283433004,
      "l1": 421025.53262449254,
      "l2": 12114.085883490796
    },
    "cv_residual": {
      "mean": 0.002315777334096715,
      "std": 0.007472538337826773,
      "min": -0.02137948674311996,
      "max": 0.05875740901395276,
      "median": 0.0011522256863564326,
      "p90_abs": 0.01008854667775698,
      "p99_abs": 0.03578760669197091,
      "l1": 7.106453701113149,
      "l2": 0.3066035556650985
    },
    "fb": {
      "mean": -2.1776350918013702e-05,
      "std": 0.00012633128331758002,
      "min": -0.0005689593713107885,
      "max": 0.0005954471825340146,
      "median": -2.067517491091686e-05,
      "p90_abs": 0.00021621519113746226,
      "p99_abs": 0.00043050795495556065,
      "l1": 0.13109200171998509,
      "l2": 0.005024173643466125
    }
  },
  "gradients": {
    "pressure_net": {
      "global_l2": 0.00217843490258067,
      "max_abs": 0.0011087908001911762,
      "nonfinite": 0.0,
      "element_count": 118017.0
    },
    "gamma_net": {
      "global_l2": 7.814776373812595e-05,
      "max_abs": 1.4150789292351514e-05,
      "nonfinite": 0.0,
      "element_count": 118017.0
    }
  }
}