{
  "stage_index": 1,
  "stage_name": "cavitation_025",
  "global_epoch": 2001,
  "metrics": {
    "cv_mean_abs": 0.0032578762075209954,
    "cv_p99": 0.012211448516993744,
    "cv_rmse": 0.004410259351608235,
    "global_flux_balance": 0.0009649350836592374,
    "fb_mean_abs": 0.2730725066128723,
    "fb_p99": 0.3916092459573728,
    "max_p_times_gamma": 0.05562598309507651,
    "mean_p_times_gamma": 0.03512833822310836,
    "pressure_min": 0.07008096544033932,
    "pressure_max": 0.11537817515760936,
    "gamma_min": 0.030756894316709797,
    "gamma_max": 0.4996035900262687,
    "boundary_max_error": 1.3877787807814457e-17,
    "periodic_max_error": 2.7755575615628914e-17
  },
  "fields": {
    "pressure": {
      "mean": 0.10226837780713284,
      "std": 0.009285353814032423,
      "min": 0.07008096544033932,
      "max": 0.11537817515760936,
      "median": 0.10419670958490047,
      "p90_abs": 0.11071497880617871,
      "p99_abs": 0.1148924727005956,
      "l1": 157.08422831175605,
      "l2": 4.024571994925982
    },
    "gamma": {
      "mean": 0.3334935904986802,
      "std": 0.14870605724488212,
      "min": 0.030756894316709797,
      "max": 0.4996035900262687,
      "median": 0.37451675793648537,
      "p90_abs": 0.4955809845658589,
      "p99_abs": 0.4995508787956749,
      "l1": 512.2461550059728,
      "l2": 14.310734863614448
    },
    "film": {
      "mean": 1.8954261064651725,
      "std": 0.9617152070794026,
      "min": 1.0000152603714278,
      "max": 3.753131624415628,
      "median": 1.4392115640367704,
      "p90_abs": 3.5445418282563494,
      "p99_abs": 3.7481629399639833,
      "l1": 2911.374499530505,
      "l2": 83.30027432380858
    },
    "q_radius": {
      "mean": -1.1554064878323127,
      "std": 2.4992279220526723,
      "min": -7.228402609923421,
      "max": 2.3060516664151263,
      "median": -0.571967351201499,
      "p90_abs": 5.345247171133276,
      "p99_abs": 7.0443344566186035,
      "l1": 3065.2140450614797,
      "l2": 107.91003796980526
    },
    "q_theta": {
      "mean": -180.47007359726967,
      "std": 104.45720534858687,
      "min": -548.4888405561088,
      "max": -81.1955454870455,
      "median": -132.53067790701613,
      "p90_abs": 337.28334734712075,
      "p99_abs": 508.9205988714056,
      "l1": 277202.0330454062,
      "l2": 8172.297107169137
    },
    "cv_residual": {
      "mean": -0.0009649350836592373,
      "std": 0.004303404214429715,
      "min": -0.016818024440327303,
      "max": 0.012673644338622152,
      "median": -0.0013448834923847576,
      "p90_abs": 0.007755894874264046,
      "p99_abs": 0.012211448516993744,
      "l1": 5.004097854752249,
      "l2": 0.1728461607164474
    },
    "fb": {
      "mean": 0.2730725066128723,
      "std": 0.11165348517869685,
      "min": 0.030013169963101327,
      "max": 0.3925876789502558,
      "median": 0.31054093044722864,
      "p90_abs": 0.3860889088623888,
      "p99_abs": 0.3916092459573728,
      "l1": 419.43937015737185,
      "l2": 11.562262120230361
    }
  },
  "gradients": {
    "pressure_net": {
      "global_l2": 1.3474744154496174,
      "max_abs": 1.3122222074618848,
      "nonfinite": 0.0,
      "element_count": 118017.0
    },
    "gamma_net": {
      "global_l2": 0.3289968142283531,
      "max_abs": 0.32785201986784607,
      "nonfinite": 0.0,
      "element_count": 118017.0
    }
  }
}