{
  "stage_index": 3,
  "stage_name": "cavitation_075",
  "global_epoch": 10500,
  "metrics": {
    "cv_mean_abs": 0.00672076420342301,
    "cv_p99": 0.029038484295959177,
    "cv_rmse": 0.009991072084904018,
    "global_flux_balance": 0.005916283332540913,
    "fb_mean_abs": 1.249072311025807e-08,
    "fb_p99": 1.1086598538968829e-07,
    "max_p_times_gamma": 3.985853123734558e-09,
    "mean_p_times_gamma": 1.2318400219577954e-10,
    "pressure_min": 0.0031436015850835955,
    "pressure_max": 0.1428562167260911,
    "gamma_min": 1.0361135900714575e-17,
    "gamma_max": 7.95828621883355e-08,
    "boundary_max_error": 1.3877787807814457e-17,
    "periodic_max_error": 8.326672684688674e-17
  },
  "fields": {
    "pressure": {
      "mean": 0.08050712466990732,
      "std": 0.03810368692966182,
      "min": 0.0031436015850835955,
      "max": 0.1428562167260911,
      "median": 0.09164003200476487,
      "p90_abs": 0.12260560499928312,
      "p99_abs": 0.13735792019843399,
      "l1": 123.65894349297764,
      "l2": 3.490777920645126
    },
    "gamma": {
      "mean": 2.120690995463268e-09,
      "std": 7.496394385905173e-09,
      "min": 1.0361135900714575e-17,
      "max": 7.95828621883355e-08,
      "median": 5.2322225332257325e-11,
      "p90_abs": 3.954782196943925e-09,
      "p99_abs": 3.32373302199061e-08,
      "l1": 3.2573813690315795e-06,
      "l2": 3.0532744055856833e-07
    },
    "film": {
      "mean": 1.8937028377983232,
      "std": 1.173833149256695,
      "min": 1.0000000000422833,
      "max": 3.9884408081566876,
      "median": 1.0909212710653684,
      "p90_abs": 3.931042360629202,
      "p99_abs": 3.9879805839366447,
      "l1": 2908.7275588582243,
      "l2": 87.3195044619209
    },
    "q_radius": {
      "mean": -14.612773092573441,
      "std": 23.865561952002352,
      "min": -63.9182437951804,
      "max": 13.034896359726563,
      "median": -2.349276445538619,
      "p90_abs": 59.294516923860925,
      "p99_abs": 63.33572251636618,
      "l1": 27717.070492672105,
      "l2": 1096.7400839581308
    },
    "q_theta": {
      "mean": -822.5575931778636,
      "std": 521.2280088982661,
      "min": -1804.3012828574238,
      "max": -410.13892726725106,
      "median": -478.47429387053535,
      "p90_abs": 1715.3787875304147,
      "p99_abs": 1792.003451745021,
      "l1": 1263448.4631211986,
      "l2": 38164.8727727564
    },
    "cv_residual": {
      "mean": -0.005916283332540913,
      "std": 0.008051031793183215,
      "min": -0.033677421169400173,
      "max": 0.02553014475091321,
      "median": -0.0030243191433911997,
      "p90_abs": 0.019735293674794714,
      "p99_abs": 0.029038484295959177,
      "l1": 10.323093816457742,
      "l2": 0.3915684574620758
    },
    "fb": {
      "mean": -1.0639319495748438e-08,
      "std": 2.084107586849634e-08,
      "min": -1.5742879207886196e-07,
      "max": 6.862819773578721e-08,
      "median": -4.922762864012498e-09,
      "p90_abs": 3.2389809612176634e-08,
      "p99_abs": 1.1086598538968829e-07,
      "l1": 1.9185750697356396e-05,
      "l2": 9.170768693464879e-07
    }
  },
  "gradients": {
    "pressure_net": {
      "global_l2": 0.0030346668675006972,
      "max_abs": 0.0019814221861229504,
      "nonfinite": 0.0,
      "element_count": 118017.0
    },
    "gamma_net": {
      "global_l2": 2.517097846596119e-10,
      "max_abs": 2.6018234547618464e-11,
      "nonfinite": 0.0,
      "element_count": 118017.0
    }
  }
}