{
  "stage_index": 2,
  "stage_name": "cavitation_050",
  "global_epoch": 6250,
  "metrics": {
    "cv_mean_abs": 0.00353253628288595,
    "cv_p99": 0.014887799077129038,
    "cv_rmse": 0.005135694958174641,
    "global_flux_balance": 0.0008013660436601871,
    "fb_mean_abs": 8.399358450604185e-07,
    "fb_p99": 2.59374199022694e-06,
    "max_p_times_gamma": 2.131508856088018e-07,
    "mean_p_times_gamma": 2.043604811788678e-08,
    "pressure_min": 0.01175037041917547,
    "pressure_max": 0.11463939860986112,
    "gamma_min": 2.824606447250847e-14,
    "gamma_max": 4.41596074175753e-06,
    "boundary_max_error": 1.3877787807814457e-17,
    "periodic_max_error": 5.551115123125783e-17
  },
  "fields": {
    "pressure": {
      "mean": 0.056191205715639854,
      "std": 0.030736051671802416,
      "min": 0.01175037041917547,
      "max": 0.11463939860986112,
      "median": 0.05295589753265674,
      "p90_abs": 0.10383287813671464,
      "p99_abs": 0.11268696583594214,
      "l1": 86.30969197922282,
      "l2": 2.510161815744348
    },
    "gamma": {
      "mean": 5.798328056472292e-07,
      "std": 8.371376256643467e-07,
      "min": 2.824606447250847e-14,
      "max": 4.41596074175753e-06,
      "median": 1.8640827926946933e-07,
      "p90_abs": 1.9436763953182546e-06,
      "p99_abs": 3.5568854328502066e-06,
      "l1": 0.0008906231894741442,
      "l2": 3.991040500592036e-05
    },
    "film": {
      "mean": 1.8954261064651725,
      "std": 0.9617152070794026,
      "min": 1.0000152603714278,
      "max": 3.753131624415628,
      "median": 1.4392115640367704,
      "p90_abs": 3.5445418282563494,
      "p99_abs": 3.7481629399639833,
      "l1": 2911.374499530505,
      "l2": 83.30027432380858
    },
    "q_radius": {
      "mean": -2.9117911374936205,
      "std": 10.373853149611612,
      "min": -29.11556439454544,
      "max": 15.873165305506408,
      "median": -1.2515924487184322,
      "p90_abs": 19.722606039865877,
      "p99_abs": 26.97364453621081,
      "l1": 11588.537459516809,
      "l2": 422.2824505492396
    },
    "q_theta": {
      "mean": -549.0419878405274,
      "std": 286.86540683463534,
      "min": -1131.8460173963088,
      "max": -273.4363460099871,
      "median": -420.7196182996961,
      "p90_abs": 1035.331297008117,
      "p99_abs": 1118.502288721407,
      "l1": 843328.4933230501,
      "l2": 24278.03324516276
    },
    "cv_residual": {
      "mean": -0.0008013660436601849,
      "std": 0.00507278771165213,
      "min": -0.013999067445097158,
      "max": 0.0288557502475019,
      "median": -0.000601117170802882,
      "p90_abs": 0.009019932740464644,
      "p99_abs": 0.014887799077129038,
      "l1": 5.42597573051282,
      "l2": 0.20127731395379306
    },
    "fb": {
      "mean": -7.123840013058128e-07,
      "std": 7.56828039696246e-07,
      "min": -3.021185863288922e-06,
      "max": 2.2475419798051455e-06,
      "median": -5.968298137370986e-07,
      "p90_abs": 1.7996170299655612e-06,
      "p99_abs": 2.59374199022694e-06,
      "l1": 0.0012901414580128029,
      "l2": 4.073462332920171e-05
    }
  },
  "gradients": {
    "pressure_net": {
      "global_l2": 0.0013463106130111961,
      "max_abs": 0.0005817000518757728,
      "nonfinite": 0.0,
      "element_count": 118017.0
    },
    "gamma_net": {
      "global_l2": 1.4405315538072158e-08,
      "max_abs": 1.8788373991244236e-09,
      "nonfinite": 0.0,
      "element_count": 118017.0
    }
  }
}