{
  "stage_index": 1,
  "stage_name": "cavitation_025",
  "global_epoch": 4500,
  "metrics": {
    "cv_mean_abs": 0.004736807616218863,
    "cv_p99": 0.03638574173196692,
    "cv_rmse": 0.007953052170352111,
    "global_flux_balance": 0.0023619007255791698,
    "fb_mean_abs": 9.600644038707403e-05,
    "fb_p99": 0.0004817222344579743,
    "max_p_times_gamma": 4.131553362494106e-05,
    "mean_p_times_gamma": 5.219785264577704e-06,
    "pressure_min": 0.0023059957419035676,
    "pressure_max": 0.10052148710136792,
    "gamma_min": 5.716174419244324e-08,
    "gamma_max": 0.0013003502063602243,
    "boundary_max_error": 1.3877787807814457e-17,
    "periodic_max_error": 1.0755285551056204e-16
  },
  "fields": {
    "pressure": {
      "mean": 0.04030320373899698,
      "std": 0.03036264453559385,
      "min": 0.0023059957419035676,
      "max": 0.10052148710136792,
      "median": 0.02723940339424824,
      "p90_abs": 0.0971185994214652,
      "p99_abs": 0.10032780647882958,
      "l1": 61.905720943099354,
      "l2": 1.977630452123571
    },
    "gamma": {
      "mean": 0.00020993824336999842,
      "std": 0.0002000558368218216,
      "min": 5.716174419244324e-08,
      "max": 0.0013003502063602243,
      "median": 0.00017812941705256524,
      "p90_abs": 0.0004102143829636663,
      "p99_abs": 0.0011140186626659742,
      "l1": 0.3224651418163176,
      "l2": 0.011365389406138592
    },
    "film": {
      "mean": 1.8954261064651725,
      "std": 0.9617152070794026,
      "min": 1.0000152603714278,
      "max": 3.753131624415628,
      "median": 1.4392115640367704,
      "p90_abs": 3.5445418282563494,
      "p99_abs": 3.7481629399639833,
      "l1": 2911.374499530505,
      "l2": 83.30027432380858
    },
    "q_radius": {
      "mean": 2.0668203645878473,
      "std": 7.190507440798802,
      "min": -10.752353771970949,
      "max": 41.88724725738823,
      "median": -0.9300256167354723,
      "p90_abs": 12.124517152430798,
      "p99_abs": 27.307385334416203,
      "l1": 7655.071788825142,
      "l2": 293.2197481170234
    },
    "q_theta": {
      "mean": -274.08661691673615,
      "std": 142.8290063150834,
      "min": -565.8635057201948,
      "max": -136.72145353721262,
      "median": -210.482302512896,
      "p90_abs": 514.3360944254356,
      "p99_abs": 558.9355133503001,
      "l1": 420997.0435841067,
      "l2": 12112.97847257086
    },
    "cv_residual": {
      "mean": 0.0023619007255791693,
      "std": 0.007594238855003905,
      "min": -0.021435478115970633,
      "max": 0.059922025267884586,
      "median": 0.0011895934926965369,
      "p90_abs": 0.010302209064316468,
      "p99_abs": 0.03638574173196692,
      "l1": 7.275736498512176,
      "l2": 0.3116947154415518
    },
    "fb": {
      "mean": -1.7022254697939796e-05,
      "std": 0.0001428984078476188,
      "min": -0.0008741892795222535,
      "max": 0.00046025079296928284,
      "median": -8.92258762635878e-06,
      "p90_abs": 0.00024086635128922618,
      "p99_abs": 0.0004817222344579743,
      "l1": 0.14746589243454575,
      "l2": 0.005640045905567861
    }
  },
  "gradients": {
    "pressure_net": {
      "global_l2": 0.0007536999355831136,
      "max_abs": 0.00019490737972786547,
      "nonfinite": 0.0,
      "element_count": 118017.0
    },
    "gamma_net": {
      "global_l2": 3.4679041873673255e-05,
      "max_abs": 3.3962432783470445e-06,
      "nonfinite": 0.0,
      "element_count": 118017.0
    }
  }
}