{
  "stage_index": 4,
  "stage_name": "true_physics",
  "global_epoch": 14750,
  "metrics": {
    "cv_mean_abs": 0.013189468137004126,
    "cv_p99": 0.11966316482305171,
    "cv_rmse": 0.02616696236161468,
    "global_flux_balance": 0.009616397876661818,
    "fb_mean_abs": 3.5470015813388045e-11,
    "fb_p99": 6.618784409440083e-11,
    "max_p_times_gamma": 1.2315053123913988e-14,
    "mean_p_times_gamma": 1.7194413314024038e-16,
    "pressure_min": 0.07311797288356942,
    "pressure_max": 0.25141552903288283,
    "gamma_min": 4.058571282866027e-57,
    "gamma_max": 1.1557851041206262e-13,
    "boundary_max_error": 1.3877787807814457e-17,
    "periodic_max_error": 8.326672684688674e-17
  },
  "fields": {
    "pressure": {
      "mean": 0.14903503885105976,
      "std": 0.03269658546628155,
      "min": 0.07311797288356942,
      "max": 0.25141552903288283,
      "median": 0.1525038615216841,
      "p90_abs": 0.19219873204188784,
      "p99_abs": 0.2163817306562597,
      "l1": 228.91781967522778,
      "l2": 5.979871453632576
    },
    "gamma": {
      "mean": 1.414359261228741e-15,
      "std": 9.555338647806522e-15,
      "min": 4.058571282866027e-57,
      "max": 1.1557851041206262e-13,
      "median": 4.4388838491095966e-23,
      "p90_abs": 5.466113480644027e-17,
      "p99_abs": 6.036680247410306e-14,
      "l1": 2.1724558252473462e-12,
      "l2": 3.785714462393063e-13
    },
    "film": {
      "mean": 1.89356406199902,
      "std": 1.275972772247359,
      "min": 1.0,
      "max": 3.9999775984656525,
      "median": 1.0031893195177075,
      "p90_abs": 3.9986337107160033,
      "p99_abs": 3.999974410290386,
      "l1": 2908.5143992304947,
      "l2": 89.48871408184972
    },
    "q_radius": {
      "mean": -21.78559012646126,
      "std": 36.02067455602345,
      "min": -102.27721467804602,
      "max": 19.548386050432093,
      "median": -1.407644373058147,
      "p90_abs": 88.35894868893757,
      "p99_abs": 100.5268528406519,
      "l1": 37988.30067177779,
      "l2": 1649.8324255870143
    },
    "q_theta": {
      "mean": -1099.1630864228548,
      "std": 757.6783262529946,
      "min": -2412.709320141234,
      "max": -546.8604416857345,
      "median": -592.5532698577961,
      "p90_abs": 2345.5477573776757,
      "p99_abs": 2404.97906453334,
      "l1": 1688314.5007455049,
      "l2": 52321.26143988547
    },
    "cv_residual": {
      "mean": -0.009616397876661822,
      "std": 0.024335874981432117,
      "min": -0.18660615618447202,
      "max": 0.08773128667968456,
      "median": -0.00337932472253593,
      "p90_abs": 0.035886040425003714,
      "p99_abs": 0.11966316482305171,
      "l1": 20.259023058438338,
      "l2": 1.0255312944730985
    },
    "fb": {
      "mean": -3.5470015813388045e-11,
      "std": 9.20066803547749e-12,
      "min": -6.838263288955204e-11,
      "max": -1.9887647084715354e-11,
      "median": -3.27859961402055e-11,
      "p90_abs": 4.7512105361136037e-11,
      "p99_abs": 6.618784409440083e-11,
      "l1": 5.448194428936404e-08,
      "l2": 1.4361411304113607e-09
    }
  },
  "gradients": {
    "pressure_net": {
      "global_l2": 0.01723862355128435,
      "max_abs": 0.008195629890598594,
      "nonfinite": 0.0,
      "element_count": 118017.0
    },
    "gamma_net": {
      "global_l2": 1.0878172630585598e-15,
      "max_abs": 1.13525183430037e-16,
      "nonfinite": 0.0,
      "element_count": 118017.0
    }
  }
}