{
  "stage_index": 2,
  "stage_name": "cavitation_050",
  "global_epoch": 7750,
  "metrics": {
    "cv_mean_abs": 0.0024661475577711987,
    "cv_p99": 0.011786866339363777,
    "cv_rmse": 0.003684964269479683,
    "global_flux_balance": 0.0009636290299048583,
    "fb_mean_abs": 8.605691275317116e-07,
    "fb_p99": 4.092408729523825e-06,
    "max_p_times_gamma": 2.1637515953615626e-07,
    "mean_p_times_gamma": 2.993131351597852e-08,
    "pressure_min": 0.007763805761974575,
    "pressure_max": 0.11914338603533055,
    "gamma_min": 6.871603409718396e-14,
    "gamma_max": 4.989566067782947e-06,
    "boundary_max_error": 1.3877787807814457e-17,
    "periodic_max_error": 6.245004513516506e-17
  },
  "fields": {
    "pressure": {
      "mean": 0.05858157619159297,
      "std": 0.03324642736226832,
      "min": 0.007763805761974575,
      "max": 0.11914338603533055,
      "median": 0.058161149483815254,
      "p90_abs": 0.1045295084716852,
      "p99_abs": 0.111542460957787,
      "l1": 89.9813010302868,
      "l2": 2.639891198178639
    },
    "gamma": {
      "mean": 8.775946532220258e-07,
      "std": 1.2119214698345966e-06,
      "min": 6.871603409718396e-14,
      "max": 4.989566067782947e-06,
      "median": 2.8020426506527955e-07,
      "p90_abs": 2.9804696181937006e-06,
      "p99_abs": 4.409869984794545e-06,
      "l1": 0.0013479853873490317,
      "l2": 5.8642905568309486e-05
    },
    "film": {
      "mean": 1.8954261064651725,
      "std": 0.9617152070794026,
      "min": 1.0000152603714278,
      "max": 3.753131624415628,
      "median": 1.4392115640367704,
      "p90_abs": 3.5445418282563494,
      "p99_abs": 3.7481629399639833,
      "l1": 2911.374499530505,
      "l2": 83.30027432380858
    },
    "q_radius": {
      "mean": -3.3386301941005088,
      "std": 10.845533308036185,
      "min": -29.679571794042072,
      "max": 15.984967112514497,
      "median": -1.38877016822698,
      "p90_abs": 21.67262432102637,
      "p99_abs": 28.256785554325795,
      "l1": 12321.897469667108,
      "l2": 444.7402163714626
    },
    "q_theta": {
      "mean": -548.9774041692386,
      "std": 286.77560350521173,
      "min": -1131.837222534503,
      "max": -273.4138189069185,
      "median": -420.637186380374,
      "p90_abs": 1035.25115867547,
      "p99_abs": 1118.4851497749432,
      "l1": 843229.2928039506,
      "l2": 24274.160074350904
    },
    "cv_residual": {
      "mean": -0.0009636290299048557,
      "std": 0.003556737375751344,
      "min": -0.01319403764565029,
      "max": 0.013640862615986392,
      "median": -0.0005131895380149785,
      "p90_abs": 0.0065854744260352305,
      "p99_abs": 0.011786866339363777,
      "l1": 3.788002648736561,
      "l2": 0.14442051488980784
    },
    "fb": {
      "mean": -5.701489927954715e-07,
      "std": 1.070631834446111e-06,
      "min": -4.448427008474365e-06,
      "max": 2.2277316518160006e-06,
      "median": -4.6305681367098117e-07,
      "p90_abs": 2.0070341958944304e-06,
      "p99_abs": 4.092408729523825e-06,
      "l1": 0.001321834179888709,
      "l2": 4.7538944085177654e-05
    }
  },
  "gradients": {
    "pressure_net": {
      "global_l2": 0.0008908067035090399,
      "max_abs": 0.0005701495811411672,
      "nonfinite": 0.0,
      "element_count": 118017.0
    },
    "gamma_net": {
      "global_l2": 1.8693185660718995e-08,
      "max_abs": 1.4626075650598519e-09,
      "nonfinite": 0.0,
      "element_count": 118017.0
    }
  }
}