{
  "stage_index": 4,
  "stage_name": "true_physics",
  "global_epoch": 12250,
  "metrics": {
    "cv_mean_abs": 0.01942321745342993,
    "cv_p99": 0.15587010472468338,
    "cv_rmse": 0.037400615164109405,
    "global_flux_balance": 0.008768324827539512,
    "fb_mean_abs": 3.835380009825177e-11,
    "fb_p99": 6.551403308741043e-11,
    "max_p_times_gamma": 1.2006476561519558e-14,
    "mean_p_times_gamma": 1.6246478209881466e-16,
    "pressure_min": 0.07387537087189495,
    "pressure_max": 0.21624251748758794,
    "gamma_min": 4.0585728762328206e-57,
    "gamma_max": 1.155785395425574e-13,
    "boundary_max_error": 1.3877787807814457e-17,
    "periodic_max_error": 8.326672684688674e-17
  },
  "fields": {
    "pressure": {
      "mean": 0.13522842699328544,
      "std": 0.025333825731809274,
      "min": 0.07387537087189495,
      "max": 0.21624251748758794,
      "median": 0.13417914206469395,
      "p90_abs": 0.16784712231663773,
      "p99_abs": 0.20165511433979294,
      "l1": 207.71086386168642,
      "l2": 5.392051778023871
    },
    "gamma": {
      "mean": 1.4143597941945046e-15,
      "std": 9.555341976467525e-15,
      "min": 4.0585728762328206e-57,
      "max": 1.155785395425574e-13,
      "median": 4.4388846193416747e-23,
      "p90_abs": 5.466114772089111e-17,
      "p99_abs": 6.036682918084021e-14,
      "l1": 2.172456643882759e-12,
      "l2": 3.7857157834806177e-13
    },
    "film": {
      "mean": 1.89356406199902,
      "std": 1.275972772247359,
      "min": 1.0,
      "max": 3.9999775984656525,
      "median": 1.0031893195177075,
      "p90_abs": 3.9986337107160033,
      "p99_abs": 3.999974410290386,
      "l1": 2908.5143992304947,
      "l2": 89.48871408184972
    },
    "q_radius": {
      "mean": -17.231212466844458,
      "std": 29.373972494513232,
      "min": -96.64979587545596,
      "max": 8.540362439721122,
      "median": -1.1530261260358048,
      "p90_abs": 70.26648759297072,
      "p99_abs": 84.57011109849336,
      "l1": 29669.00389196608,
      "l2": 1334.6790748092324
    },
    "q_theta": {
      "mean": -1099.1995513836519,
      "std": 757.675763066083,
      "min": -2412.7700569649924,
      "max": -546.803296094045,
      "median": -592.3790020820126,
      "p90_abs": 2343.3705277176186,
      "p99_abs": 2405.7644174966413,
      "l1": 1688370.5109252892,
      "l2": 52322.38109370483
    },
    "cv_residual": {
      "mean": -0.00876832482753951,
      "std": 0.03635825208082155,
      "min": -0.2083321607997982,
      "max": 0.15891785233525274,
      "median": -0.0033202710751565265,
      "p90_abs": 0.06124954965987903,
      "p99_abs": 0.15587010472468338,
      "l1": 29.834062008468372,
      "l2": 1.4657987714922716
    },
    "fb": {
      "mean": -3.835380009825177e-11,
      "std": 7.718613214613289e-12,
      "min": -6.768152704950126e-11,
      "max": -2.312239288926321e-11,
      "median": -3.72417652272361e-11,
      "p90_abs": 4.728639702022974e-11,
      "p99_abs": 6.551403308741043e-11,
      "l1": 5.891143695091472e-08,
      "l2": 1.53329310077682e-09
    }
  },
  "gradients": {
    "pressure_net": {
      "global_l2": 0.05077850790674717,
      "max_abs": 0.03465649869365199,
      "nonfinite": 0.0,
      "element_count": 118017.0
    },
    "gamma_net": {
      "global_l2": 8.031658542245483e-15,
      "max_abs": 1.1434684010719929e-15,
      "nonfinite": 0.0,
      "element_count": 118017.0
    }
  }
}