{
  "stage_index": 0,
  "stage_name": "full_film_010",
  "global_epoch": 500,
  "metrics": {
    "cv_mean_abs": 0.002157477761392501,
    "cv_p99": 0.009093077611354979,
    "cv_rmse": 0.0027367853330233023,
    "global_flux_balance": 0.001069653023512038,
    "fb_mean_abs": 4.987831798913157e-05,
    "fb_p99": 7.019747659351428e-05,
    "max_p_times_gamma": 0.0,
    "mean_p_times_gamma": 0.0,
    "pressure_min": 0.07079514961092921,
    "pressure_max": 0.1097318525346271,
    "gamma_min": 0.0,
    "gamma_max": 0.0,
    "boundary_max_error": 1.3877787807814457e-17,
    "periodic_max_error": 2.7755575615628914e-17
  },
  "fields": {
    "pressure": {
      "mean": 0.10103611086968423,
      "std": 0.008042665165181434,
      "min": 0.07079514961092921,
      "max": 0.1097318525346271,
      "median": 0.10333486614515111,
      "p90_abs": 0.10696769935639318,
      "p99_abs": 0.10918427437739103,
      "l1": 155.19146629583497,
      "l2": 3.972316393466186
    },
    "gamma": {
      "mean": 0.0,
      "std": 0.0,
      "min": 0.0,
      "max": 0.0,
      "median": 0.0,
      "p90_abs": 0.0,
      "p99_abs": 0.0,
      "l1": 0.0,
      "l2": 0.0
    },
    "film": {
      "mean": 1.8954261064651725,
      "std": 0.9617152070794026,
      "min": 1.0000152603714278,
      "max": 3.753131624415628,
      "median": 1.4392115640367704,
      "p90_abs": 3.5445418282563494,
      "p99_abs": 3.7481629399639833,
      "l1": 2911.374499530505,
      "l2": 83.30027432380858
    },
    "q_radius": {
      "mean": -1.021979386933635,
      "std": 2.384241745742254,
      "min": -7.01557251717243,
      "max": 3.0951455306433413,
      "median": -0.33808668415349863,
      "p90_abs": 5.130320985503542,
      "p99_abs": 6.653167912939436,
      "l1": 2778.9874179319245,
      "l2": 101.66524319887522
    },
    "q_theta": {
      "mean": -110.0250876300715,
      "std": 57.73807737345499,
      "min": -226.3847772237059,
      "max": -54.67622746635684,
      "median": -84.05659431501786,
      "p90_abs": 208.13319388384738,
      "p99_abs": 223.79806752644978,
      "l1": 168998.53459978983,
      "l2": 4869.765869906515
    },
    "cv_residual": {
      "mean": -0.0010696530235120383,
      "std": 0.002519094354791623,
      "min": -0.011588472774506397,
      "max": 0.005468310699936661,
      "median": -0.0011925303485245946,
      "p90_abs": 0.004130153319198567,
      "p99_abs": 0.009093077611354979,
      "l1": 3.313885841498881,
      "l2": 0.10725964162304037
    },
    "fb": {
      "mean": -4.9878317989131574e-05,
      "std": 4.962048135482353e-06,
      "min": -7.062278487424134e-05,
      "max": -4.556467495575589e-05,
      "median": -4.838524624128926e-05,
      "p90_abs": 5.493169733805647e-05,
      "p99_abs": 7.019747659351428e-05,
      "l1": 0.0766130964313061,
      "l2": 0.0019644723611346917
    }
  },
  "gradients": {
    "pressure_net": {
      "global_l2": 7.575939659606121e-05,
      "max_abs": 7.27973108774948e-05,
      "nonfinite": 0.0,
      "element_count": 118017.0
    },
    "gamma_net": {
      "global_l2": 0.0,
      "max_abs": 0.0,
      "nonfinite": 0.0,
      "element_count": 0.0
    }
  }
}