{
  "stage_index": 3,
  "stage_name": "cavitation_075",
  "global_epoch": 8750,
  "metrics": {
    "cv_mean_abs": 0.010943405799358355,
    "cv_p99": 0.055352403311275555,
    "cv_rmse": 0.01692823838537378,
    "global_flux_balance": 0.005339781254577224,
    "fb_mean_abs": 8.403831989158302e-07,
    "fb_p99": 2.023279715703131e-05,
    "max_p_times_gamma": 1.3932008914106683e-06,
    "mean_p_times_gamma": 2.8430526114250424e-08,
    "pressure_min": 0.006085230158413811,
    "pressure_max": 0.16242701395102344,
    "gamma_min": 2.4488917433315168e-14,
    "gamma_max": 3.3656211531623236e-05,
    "boundary_max_error": 1.3877787807814457e-17,
    "periodic_max_error": 6.938893903907228e-17
  },
  "fields": {
    "pressure": {
      "mean": 0.07160598955407595,
      "std": 0.041378391533548164,
      "min": 0.006085230158413811,
      "max": 0.16242701395102344,
      "median": 0.06817340035583366,
      "p90_abs": 0.1263157791015872,
      "p99_abs": 0.15189321204633557,
      "l1": 109.98679995506066,
      "l2": 3.2412356816214807
    },
    "gamma": {
      "mean": 8.440746760097879e-07,
      "std": 3.6835071249731803e-06,
      "min": 2.4488917433315168e-14,
      "max": 3.3656211531623236e-05,
      "median": 1.5004279439415784e-08,
      "p90_abs": 5.346161785962576e-07,
      "p99_abs": 2.0253846959861973e-05,
      "l1": 0.0012964987023510342,
      "l2": 0.0001481051481966665
    },
    "film": {
      "mean": 1.8937028377983232,
      "std": 1.173833149256695,
      "min": 1.0000000000422833,
      "max": 3.9884408081566876,
      "median": 1.0909212710653684,
      "p90_abs": 3.931042360629202,
      "p99_abs": 3.9879805839366447,
      "l1": 2908.7275588582243,
      "l2": 87.3195044619209
    },
    "q_radius": {
      "mean": -13.345281847029929,
      "std": 23.426240414736192,
      "min": -72.7324958957721,
      "max": 16.091101027290314,
      "median": -1.6978059147004485,
      "p90_abs": 58.65533990121007,
      "p99_abs": 67.7186583462096,
      "l1": 24953.98977187792,
      "l2": 1056.6436493303565
    },
    "q_theta": {
      "mean": -822.6177256170513,
      "std": 521.3190191969659,
      "min": -1804.3081336691284,
      "max": -410.12000075684597,
      "median": -478.72612449555675,
      "p90_abs": 1713.6697162139344,
      "p99_abs": 1791.9762410406686,
      "l1": 1263540.8265477908,
      "l2": 38168.7726726406
    },
    "cv_residual": {
      "mean": -0.005339781254577218,
      "std": 0.01606399673136508,
      "min": -0.07150231196008357,
      "max": 0.0694542987562931,
      "median": -0.002799769508111955,
      "p90_abs": 0.03142574939182524,
      "p99_abs": 0.055352403311275555,
      "l1": 16.80907130781444,
      "l2": 0.6634487406137847
    },
    "fb": {
      "mean": 8.313186898998836e-07,
      "std": 3.6798211026139854e-06,
      "min": -6.836728287662464e-08,
      "max": 3.3621096173025444e-05,
      "median": 6.222052761906127e-09,
      "p90_abs": 5.261530973132977e-07,
      "p99_abs": 2.023279715703131e-05,
      "l1": 0.0012908285935347152,
      "l2": 0.0001478533714026881
    }
  },
  "gradients": {
    "pressure_net": {
      "global_l2": 0.010573222596716295,
      "max_abs": 0.0057163847089743034,
      "nonfinite": 0.0,
      "element_count": 118017.0
    },
    "gamma_net": {
      "global_l2": 1.5206468542422256e-07,
      "max_abs": 1.3765719936119853e-08,
      "nonfinite": 0.0,
      "element_count": 118017.0
    }
  }
}