{
  "stage_index": 3,
  "stage_name": "cavitation_075",
  "global_epoch": 9750,
  "metrics": {
    "cv_mean_abs": 0.008000793206042463,
    "cv_p99": 0.03618226988312969,
    "cv_rmse": 0.011478917479099222,
    "global_flux_balance": 0.005984713607653185,
    "fb_mean_abs": 1.1431820297678675e-08,
    "fb_p99": 8.98469831311922e-08,
    "max_p_times_gamma": 4.064558978407471e-09,
    "mean_p_times_gamma": 1.2652759106216662e-10,
    "pressure_min": 0.0042834238119205375,
    "pressure_max": 0.1612221684611272,
    "gamma_min": 1.0317536227705124e-17,
    "gamma_max": 7.978520335226495e-08,
    "boundary_max_error": 1.3877787807814457e-17,
    "periodic_max_error": 8.326672684688674e-17
  },
  "fields": {
    "pressure": {
      "mean": 0.08260297031581666,
      "std": 0.03887578449946785,
      "min": 0.0042834238119205375,
      "max": 0.1612221684611272,
      "median": 0.0949797311712898,
      "p90_abs": 0.12461716079048779,
      "p99_abs": 0.14678283877485537,
      "l1": 126.8781624050944,
      "l2": 3.5779757925233575
    },
    "gamma": {
      "mean": 2.1202141974682485e-09,
      "std": 7.509898814336269e-09,
      "min": 1.0317536227705124e-17,
      "max": 7.978520335226495e-08,
      "median": 5.213704409969906e-11,
      "p90_abs": 3.961335468705234e-09,
      "p99_abs": 3.330679024802845e-08,
      "l1": 3.25664900731123e-06,
      "l2": 3.0583167372115434e-07
    },
    "film": {
      "mean": 1.8937028377983232,
      "std": 1.173833149256695,
      "min": 1.0000000000422833,
      "max": 3.9884408081566876,
      "median": 1.0909212710653684,
      "p90_abs": 3.931042360629202,
      "p99_abs": 3.9879805839366447,
      "l1": 2908.7275588582243,
      "l2": 87.3195044619209
    },
    "q_radius": {
      "mean": -14.84833390963413,
      "std": 24.23612637371182,
      "min": -69.66812358304068,
      "max": 14.26691910293993,
      "median": -2.481815803523081,
      "p90_abs": 58.610380195137424,
      "p99_abs": 67.3471467150664,
      "l1": 28041.460481630686,
      "l2": 1113.9467332577367
    },
    "q_theta": {
      "mean": -822.5672680257303,
      "std": 521.2469187070053,
      "min": -1804.3033865581278,
      "max": -410.14396409840555,
      "median": -478.5933576668641,
      "p90_abs": 1715.6817265300874,
      "p99_abs": 1791.910083963845,
      "l1": 1263463.3236875217,
      "l2": 38165.58974283105
    },
    "cv_residual": {
      "mean": -0.005984713607653184,
      "std": 0.009795343257198313,
      "min": -0.054127112812111085,
      "max": 0.036717865917684826,
      "median": -0.003761187261565129,
      "p90_abs": 0.019846074797012912,
      "p99_abs": 0.03618226988312969,
      "l1": 12.289218364481224,
      "l2": 0.44987984997292924
    },
    "fb": {
      "mean": -9.558409422716403e-09,
      "std": 1.779205249699106e-08,
      "min": -1.1659619045256697e-07,
      "max": 6.891415149645752e-08,
      "median": -4.839607492534981e-09,
      "p90_abs": 2.9220806038732228e-08,
      "p99_abs": 8.98469831311922e-08,
      "l1": 1.7559275977234445e-05,
      "l2": 7.915589780558779e-07
    }
  },
  "gradients": {
    "pressure_net": {
      "global_l2": 0.005150448640792781,
      "max_abs": 0.0030019530175025553,
      "nonfinite": 0.0,
      "element_count": 118017.0
    },
    "gamma_net": {
      "global_l2": 4.624299601730258e-10,
      "max_abs": 7.180114397475198e-11,
      "nonfinite": 0.0,
      "element_count": 118017.0
    }
  }
}