{
  "stage_index": 4,
  "stage_name": "true_physics",
  "global_epoch": 13250,
  "metrics": {
    "cv_mean_abs": 0.017307986558974323,
    "cv_p99": 0.1419000126171649,
    "cv_rmse": 0.03358270708062108,
    "global_flux_balance": 0.008484152933842078,
    "fb_mean_abs": 3.700758037690488e-11,
    "fb_p99": 6.559123244542775e-11,
    "max_p_times_gamma": 1.262050712344755e-14,
    "mean_p_times_gamma": 1.6962616883481463e-16,
    "pressure_min": 0.07399725628262682,
    "pressure_max": 0.22141858211630455,
    "gamma_min": 4.0585716520530684e-57,
    "gamma_max": 1.1557852843173074e-13,
    "boundary_max_error": 1.3877787807814457e-17,
    "periodic_max_error": 8.326672684688674e-17
  },
  "fields": {
    "pressure": {
      "mean": 0.14133468138450786,
      "std": 0.029174752299877278,
      "min": 0.07399725628262682,
      "max": 0.22141858211630455,
      "median": 0.1412515357397589,
      "p90_abs": 0.1777114256319374,
      "p99_abs": 0.21547520426724123,
      "l1": 217.0900706066041,
      "l2": 5.655947948907135
    },
    "gamma": {
      "mean": 1.4143592734661283e-15,
      "std": 9.55533904605892e-15,
      "min": 4.0585716520530684e-57,
      "max": 1.1557852843173074e-13,
      "median": 4.438884002114448e-23,
      "p90_abs": 5.466113951209023e-17,
      "p99_abs": 6.036678656120677e-14,
      "l1": 2.172455844043973e-12,
      "l2": 3.7857146174955075e-13
    },
    "film": {
      "mean": 1.89356406199902,
      "std": 1.275972772247359,
      "min": 1.0,
      "max": 3.9999775984656525,
      "median": 1.0031893195177075,
      "p90_abs": 3.9986337107160033,
      "p99_abs": 3.999974410290386,
      "l1": 2908.5143992304947,
      "l2": 89.48871408184972
    },
    "q_radius": {
      "mean": -18.244145997806907,
      "std": 30.968806867537772,
      "min": -93.43930120558882,
      "max": 7.622466922726304,
      "median": -1.3695239856270303,
      "p90_abs": 74.92212624894722,
      "p99_abs": 87.30722144166732,
      "l1": 31623.19397813722,
      "l2": 1408.6812144746575
    },
    "q_theta": {
      "mean": -1099.196185405612,
      "std": 757.707283604506,
      "min": -2412.806105764346,
      "max": -546.8477037590823,
      "median": -592.3603828927078,
      "p90_abs": 2344.118878118711,
      "p99_abs": 2405.3002924308726,
      "l1": 1688365.3407830198,
      "l2": 52322.973590912276
    },
    "cv_residual": {
      "mean": -0.00848415293384208,
      "std": 0.03249334337765162,
      "min": -0.2121789534384967,
      "max": 0.13133128461926183,
      "median": -0.0037681117237730877,
      "p90_abs": 0.050820541141078715,
      "p99_abs": 0.1419000126171649,
      "l1": 26.585067354584563,
      "l2": 1.3161679444619736
    },
    "fb": {
      "mean": -3.700758037690488e-11,
      "std": 8.337860758145265e-12,
      "min": -6.757006065782889e-11,
      "max": -2.2581492231665834e-11,
      "median": -3.539779580563618e-11,
      "p90_abs": 4.7738923925066956e-11,
      "p99_abs": 6.559123244542775e-11,
      "l1": 5.6843643458925897e-08,
      "l2": 1.4867509221279976e-09
    }
  },
  "gradients": {
    "pressure_net": {
      "global_l2": 0.027747087669401874,
      "max_abs": 0.020812185966691755,
      "nonfinite": 0.0,
      "element_count": 118017.0
    },
    "gamma_net": {
      "global_l2": 1.1896402496290649e-15,
      "max_abs": 1.7797227322083834e-16,
      "nonfinite": 0.0,
      "element_count": 118017.0
    }
  }
}