{
  "stage_index": 0,
  "stage_name": "full_film_010",
  "global_epoch": 2000,
  "metrics": {
    "cv_mean_abs": 0.0017740415341730795,
    "cv_p99": 0.005892203669769012,
    "cv_rmse": 0.002226326654755789,
    "global_flux_balance": 0.0009659538808637711,
    "fb_mean_abs": 4.9385381509574314e-05,
    "fb_p99": 7.113149005150143e-05,
    "max_p_times_gamma": 0.0,
    "mean_p_times_gamma": 0.0,
    "pressure_min": 0.07008414179694984,
    "pressure_max": 0.11541447912393495,
    "gamma_min": 0.0,
    "gamma_max": 0.0,
    "boundary_max_error": 1.3877787807814457e-17,
    "periodic_max_error": 2.7755575615628914e-17
  },
  "fields": {
    "pressure": {
      "mean": 0.10228286986482638,
      "std": 0.009289334114899106,
      "min": 0.07008414179694984,
      "max": 0.11541447912393495,
      "median": 0.10420859250412615,
      "p90_abs": 0.11074914356317797,
      "p99_abs": 0.11493109980371209,
      "l1": 157.1064881123733,
      "l2": 4.025151745361142
    },
    "gamma": {
      "mean": 0.0,
      "std": 0.0,
      "min": 0.0,
      "max": 0.0,
      "median": 0.0,
      "p90_abs": 0.0,
      "p99_abs": 0.0,
      "l1": 0.0,
      "l2": 0.0
    },
    "film": {
      "mean": 1.8954261064651725,
      "std": 0.9617152070794026,
      "min": 1.0000152603714278,
      "max": 3.753131624415628,
      "median": 1.4392115640367704,
      "p90_abs": 3.5445418282563494,
      "p99_abs": 3.7481629399639833,
      "l1": 2911.374499530505,
      "l2": 83.30027432380858
    },
    "q_radius": {
      "mean": -1.1595474836823876,
      "std": 2.504698937019936,
      "min": -7.2483987899294,
      "max": 2.3080242403177085,
      "median": -0.5737023288195604,
      "p90_abs": 5.353991803392271,
      "p99_abs": 7.0624425698875255,
      "l1": 3072.3790450163306,
      "l2": 108.17278361393525
    },
    "q_theta": {
      "mean": -110.02086731198312,
      "std": 57.7390446142473,
      "min": -226.34921930227245,
      "max": -54.68730586113344,
      "median": -84.03471733479003,
      "p90_abs": 208.09136502315712,
      "p99_abs": 223.71759612454426,
      "l1": 168992.05219120608,
      "l2": 4869.637025711901
    },
    "cv_residual": {
      "mean": -0.0009659538808637711,
      "std": 0.002005857291464256,
      "min": -0.006841289976947268,
      "max": 0.005025844605944417,
      "median": -0.001104411765349154,
      "p90_abs": 0.003756263594015169,
      "p99_abs": 0.005892203669769012,
      "l1": 2.72492779648985,
      "l2": 0.08725382887854546
    },
    "fb": {
      "mean": -4.938538150957432e-05,
      "std": 5.589235069905292e-06,
      "min": -7.133918469770517e-05,
      "max": -4.3321307700461276e-05,
      "median": -4.797958383295775e-05,
      "p90_abs": 5.5191370844309695e-05,
      "p99_abs": 7.113149005150143e-05,
      "l1": 0.07585594599870615,
      "l2": 0.0019478600513557847
    }
  },
  "gradients": {
    "pressure_net": {
      "global_l2": 0.00017278391605106213,
      "max_abs": 0.00017109298906412717,
      "nonfinite": 0.0,
      "element_count": 118017.0
    },
    "gamma_net": {
      "global_l2": 0.0,
      "max_abs": 0.0,
      "nonfinite": 0.0,
      "element_count": 0.0
    }
  }
}