{
  "stage_index": 4,
  "stage_name": "true_physics",
  "global_epoch": 12500,
  "metrics": {
    "cv_mean_abs": 0.018927303118681474,
    "cv_p99": 0.15418610150931544,
    "cv_rmse": 0.035670942480337156,
    "global_flux_balance": 0.00792642569493876,
    "fb_mean_abs": 3.8271032827205675e-11,
    "fb_p99": 6.520541329102514e-11,
    "max_p_times_gamma": 1.2124527958322155e-14,
    "mean_p_times_gamma": 1.6299216767361095e-16,
    "pressure_min": 0.07450641152203916,
    "pressure_max": 0.22693217773695448,
    "gamma_min": 4.0585729959075475e-57,
    "gamma_max": 1.1557855265204199e-13,
    "boundary_max_error": 1.3877787807814457e-17,
    "periodic_max_error": 8.326672684688674e-17
  },
  "fields": {
    "pressure": {
      "mean": 0.13599007247747077,
      "std": 0.027470279143905388,
      "min": 0.07450641152203916,
      "max": 0.22693217773695448,
      "median": 0.13401632591103574,
      "p90_abs": 0.17283822747453842,
      "p99_abs": 0.2132412300592861,
      "l1": 208.88075132539512,
      "l2": 5.437352209555672
    },
    "gamma": {
      "mean": 1.4143598474271534e-15,
      "std": 9.555342502295167e-15,
      "min": 4.0585729959075475e-57,
      "max": 1.1557855265204199e-13,
      "median": 4.4388846570907685e-23,
      "p90_abs": 5.4661149114288416e-17,
      "p99_abs": 6.03668297898961e-14,
      "l1": 2.1724567256481077e-12,
      "l2": 3.7857159903958003e-13
    },
    "film": {
      "mean": 1.89356406199902,
      "std": 1.275972772247359,
      "min": 1.0,
      "max": 3.9999775984656525,
      "median": 1.0031893195177075,
      "p90_abs": 3.9986337107160033,
      "p99_abs": 3.999974410290386,
      "l1": 2908.5143992304947,
      "l2": 89.48871408184972
    },
    "q_radius": {
      "mean": -17.489150829154394,
      "std": 29.189446143445245,
      "min": -91.04165602680959,
      "max": 8.743716239522737,
      "median": -1.2075306538730528,
      "p90_abs": 71.37597989966054,
      "p99_abs": 81.14172416877375,
      "l1": 30240.59106294212,
      "l2": 1333.6136750172066
    },
    "q_theta": {
      "mean": -1099.1146236359066,
      "std": 757.549634251614,
      "min": -2412.7700425563476,
      "max": -546.815930691255,
      "median": -592.3812194466117,
      "p90_abs": 2342.6256670776356,
      "p99_abs": 2405.3270547907177,
      "l1": 1688240.0619047526,
      "l2": 52316.83519595202
    },
    "cv_residual": {
      "mean": -0.007926425694938755,
      "std": 0.03477913042527281,
      "min": -0.18746544620985242,
      "max": 0.171633846054409,
      "median": -0.0033842932685260252,
      "p90_abs": 0.05575263889514159,
      "p99_abs": 0.15418610150931544,
      "l1": 29.072337590294744,
      "l2": 1.3980097235359137
    },
    "fb": {
      "mean": -3.8271032827205675e-11,
      "std": 7.854922253521206e-12,
      "min": -6.710831890188729e-11,
      "max": -2.2033042057501007e-11,
      "median": -3.730893372022592e-11,
      "p90_abs": 4.725020374962696e-11,
      "p99_abs": 6.520541329102514e-11,
      "l1": 5.878430642258792e-08,
      "l2": 1.5311783107027714e-09
    }
  },
  "gradients": {
    "pressure_net": {
      "global_l2": 0.05428695440535831,
      "max_abs": 0.039633945891507455,
      "nonfinite": 0.0,
      "element_count": 118017.0
    },
    "gamma_net": {
      "global_l2": 2.0508572756884196e-15,
      "max_abs": 1.9027675802005998e-16,
      "nonfinite": 0.0,
      "element_count": 118017.0
    }
  }
}