{
  "stage_index": 0,
  "stage_name": "full_film_010",
  "global_epoch": 250,
  "metrics": {
    "cv_mean_abs": 0.0021956327708371353,
    "cv_p99": 0.00931228597941842,
    "cv_rmse": 0.0029135198453853323,
    "global_flux_balance": 0.0009175507434387172,
    "fb_mean_abs": 5.0542499401884855e-05,
    "fb_p99": 7.097496895414613e-05,
    "max_p_times_gamma": 0.0,
    "mean_p_times_gamma": 0.0,
    "pressure_min": 0.07012954258642536,
    "pressure_max": 0.10792530006059993,
    "gamma_min": 0.0,
    "gamma_max": 0.0,
    "boundary_max_error": 1.3877787807814457e-17,
    "periodic_max_error": 2.7755575615628914e-17
  },
  "fields": {
    "pressure": {
      "mean": 0.09978702337375527,
      "std": 0.008350129732861426,
      "min": 0.07012954258642536,
      "max": 0.10792530006059993,
      "median": 0.10244998015539983,
      "p90_abs": 0.10583485019428199,
      "p99_abs": 0.10744972857502168,
      "l1": 153.27286790208808,
      "l2": 3.924505107620271
    },
    "gamma": {
      "mean": 0.0,
      "std": 0.0,
      "min": 0.0,
      "max": 0.0,
      "median": 0.0,
      "p90_abs": 0.0,
      "p99_abs": 0.0,
      "l1": 0.0,
      "l2": 0.0
    },
    "film": {
      "mean": 1.8954261064651725,
      "std": 0.9617152070794026,
      "min": 1.0000152603714278,
      "max": 3.753131624415628,
      "median": 1.4392115640367704,
      "p90_abs": 3.5445418282563494,
      "p99_abs": 3.7481629399639833,
      "l1": 2911.374499530505,
      "l2": 83.30027432380858
    },
    "q_radius": {
      "mean": -0.8887233673867803,
      "std": 2.2824852408561753,
      "min": -7.872065945194027,
      "max": 2.4777485093382667,
      "median": -0.21683627813155654,
      "p90_abs": 4.880063552841445,
      "p99_abs": 6.580364464898811,
      "l1": 2594.16722736695,
      "l2": 95.99654472554269
    },
    "q_theta": {
      "mean": -110.02132980547476,
      "std": 57.73387136592566,
      "min": -226.39868009146002,
      "max": -54.668500066620425,
      "median": -84.06236755878143,
      "p90_abs": 207.80771732995652,
      "p99_abs": 223.93049920911076,
      "l1": 168992.76258120924,
      "l2": 4869.558862724189
    },
    "cv_residual": {
      "mean": -0.0009175507434387178,
      "std": 0.0027652664469575493,
      "min": -0.012158329378062133,
      "max": 0.006792599980282665,
      "median": -0.0010911026591669737,
      "p90_abs": 0.0045413134162434025,
      "p99_abs": 0.00931228597941842,
      "l1": 3.37249193600584,
      "l2": 0.11418619162666564
    },
    "fb": {
      "mean": -5.0542499401884855e-05,
      "std": 5.255607155724113e-06,
      "min": -7.129300550057227e-05,
      "max": -4.6327345729402225e-05,
      "median": -4.8803141881825773e-05,
      "p90_abs": 5.692484645491991e-05,
      "p99_abs": 7.097496895414613e-05,
      "l1": 0.07763327908129514,
      "l2": 0.0019915336909106956
    }
  },
  "gradients": {
    "pressure_net": {
      "global_l2": 0.0002499736061396899,
      "max_abs": 0.00024355890286891516,
      "nonfinite": 0.0,
      "element_count": 118017.0
    },
    "gamma_net": {
      "global_l2": 0.0,
      "max_abs": 0.0,
      "nonfinite": 0.0,
      "element_count": 0.0
    }
  }
}