{
  "stage_index": 1,
  "stage_name": "cavitation_025",
  "global_epoch": 3750,
  "metrics": {
    "cv_mean_abs": 0.005653648597104132,
    "cv_p99": 0.03654442407961114,
    "cv_rmse": 0.008914481254569031,
    "global_flux_balance": 0.0028441778580021206,
    "fb_mean_abs": 0.0002270470713079749,
    "fb_p99": 0.001262742279455779,
    "max_p_times_gamma": 9.834617001812981e-05,
    "mean_p_times_gamma": 7.442356298283199e-06,
    "pressure_min": 0.0008674890657021872,
    "pressure_max": 0.10030831966691138,
    "gamma_min": 7.943088630561345e-08,
    "gamma_max": 0.0033069328663611285,
    "boundary_max_error": 1.3877787807814457e-17,
    "periodic_max_error": 9.020562075079397e-17
  },
  "fields": {
    "pressure": {
      "mean": 0.035052652577645,
      "std": 0.0327309829359062,
      "min": 0.0008674890657021872,
      "max": 0.10030831966691138,
      "median": 0.018865122951906454,
      "p90_abs": 0.0968432622523161,
      "p99_abs": 0.1000422339780693,
      "l1": 53.84087435926271,
      "l2": 1.8795767475950442
    },
    "gamma": {
      "mean": 0.0003924505229262151,
      "std": 0.0004938389866479026,
      "min": 7.943088630561345e-08,
      "max": 0.0033069328663611285,
      "median": 0.00027951215163793896,
      "p90_abs": 0.0008460228314762991,
      "p99_abs": 0.0028816256334797184,
      "l1": 0.6028040032146664,
      "l2": 0.02472176638903774
    },
    "film": {
      "mean": 1.8954261064651725,
      "std": 0.9617152070794026,
      "min": 1.0000152603714278,
      "max": 3.753131624415628,
      "median": 1.4392115640367704,
      "p90_abs": 3.5445418282563494,
      "p99_abs": 3.7481629399639833,
      "l1": 2911.374499530505,
      "l2": 83.30027432380858
    },
    "q_radius": {
      "mean": 2.7001913791912404,
      "std": 7.381806516162159,
      "min": -8.789852336136097,
      "max": 43.720082579429125,
      "median": -0.5790578994414755,
      "p90_abs": 13.099673896077718,
      "p99_abs": 30.505031054027725,
      "l1": 7682.130565555529,
      "l2": 308.0540650970483
    },
    "q_theta": {
      "mean": -273.994700445725,
      "std": 142.73752900568573,
      "min": -565.9374463341525,
      "max": -136.72439678189525,
      "median": -210.23865613614555,
      "p90_abs": 514.1173861759572,
      "p99_abs": 559.0020698930363,
      "l1": 420855.8598846336,
      "l2": 12108.127130923718
    },
    "cv_residual": {
      "mean": 0.0028441778580021184,
      "std": 0.008448587358257776,
      "min": -0.033353013103239605,
      "max": 0.07229442162127903,
      "median": 0.00198371958284365,
      "p90_abs": 0.012463986355643417,
      "p99_abs": 0.03654442407961114,
      "l1": 8.684004245151947,
      "l2": 0.34937488632479613
    },
    "fb": {
      "mean": 1.5403056266318724e-05,
      "std": 0.00038735849215170733,
      "min": -0.001663305017378526,
      "max": 0.002593369210062077,
      "median": -2.1845313801394095e-05,
      "p90_abs": 0.0005996979177415873,
      "p99_abs": 0.001262742279455779,
      "l1": 0.34874430152904945,
      "l2": 0.015193288063405483
    }
  },
  "gradients": {
    "pressure_net": {
      "global_l2": 0.0011017938937138508,
      "max_abs": 0.0004832775240750213,
      "nonfinite": 0.0,
      "element_count": 118017.0
    },
    "gamma_net": {
      "global_l2": 4.707293116707514e-05,
      "max_abs": 4.739387075914246e-06,
      "nonfinite": 0.0,
      "element_count": 118017.0
    }
  }
}