{
  "stage_index": 4,
  "stage_name": "true_physics",
  "global_epoch": 15750,
  "metrics": {
    "cv_mean_abs": 0.01265806954801785,
    "cv_p99": 0.10850523662960981,
    "cv_rmse": 0.025029879780306682,
    "global_flux_balance": 0.009635244369207995,
    "fb_mean_abs": 3.5427911472540874e-11,
    "fb_p99": 6.610377245586109e-11,
    "max_p_times_gamma": 1.2175005343681156e-14,
    "mean_p_times_gamma": 1.709291799880139e-16,
    "pressure_min": 0.07385921645584047,
    "pressure_max": 0.2558367921830023,
    "gamma_min": 4.0585715702800135e-57,
    "gamma_max": 1.1557851064111074e-13,
    "boundary_max_error": 1.3877787807814457e-17,
    "periodic_max_error": 8.326672684688674e-17
  },
  "fields": {
    "pressure": {
      "mean": 0.14926888832180937,
      "std": 0.03311257252596225,
      "min": 0.07385921645584047,
      "max": 0.2558367921830023,
      "median": 0.15207261144074358,
      "p90_abs": 0.19292544440593565,
      "p99_abs": 0.22573936887330587,
      "l1": 229.27701246229918,
      "l2": 5.992333467478093
    },
    "gamma": {
      "mean": 1.4143593417423591e-15,
      "std": 9.555339060768843e-15,
      "min": 4.0585715702800135e-57,
      "max": 1.1557851064111074e-13,
      "median": 4.4388839927465233e-23,
      "p90_abs": 5.466113556547341e-17,
      "p99_abs": 6.036681001594638e-14,
      "l1": 2.1724559489162636e-12,
      "l2": 3.7857146271165353e-13
    },
    "film": {
      "mean": 1.89356406199902,
      "std": 1.275972772247359,
      "min": 1.0,
      "max": 3.9999775984656525,
      "median": 1.0031893195177075,
      "p90_abs": 3.9986337107160033,
      "p99_abs": 3.999974410290386,
      "l1": 2908.5143992304947,
      "l2": 89.48871408184972
    },
    "q_radius": {
      "mean": -21.695092548556065,
      "std": 36.00675113729791,
      "min": -103.3180737133165,
      "max": 26.84648794425905,
      "median": -1.6505903252919345,
      "p90_abs": 88.38136751240549,
      "p99_abs": 100.72577894378425,
      "l1": 38116.24771420154,
      "l2": 1647.532283836681
    },
    "q_theta": {
      "mean": -1099.1055799497678,
      "std": 757.5900230589958,
      "min": -2412.7407776012074,
      "max": -546.8608322971214,
      "median": -592.5143220993402,
      "p90_abs": 2345.150873928519,
      "p99_abs": 2404.996709847619,
      "l1": 1688226.1708028433,
      "l2": 52317.441682997225
    },
    "cv_residual": {
      "mean": -0.009635244369208007,
      "std": 0.02310101616297973,
      "min": -0.18065367591441334,
      "max": 0.09183311928868133,
      "median": -0.003569760743095299,
      "p90_abs": 0.03815454142494262,
      "p99_abs": 0.10850523662960981,
      "l1": 19.44279482575542,
      "l2": 0.9809669405593165
    },
    "fb": {
      "mean": -3.5427911472540874e-11,
      "std": 9.171549602380933e-12,
      "min": -6.769629301572877e-11,
      "max": -1.9543922036291406e-11,
      "median": -3.28786997627617e-11,
      "p90_abs": 4.755162930081269e-11,
      "p99_abs": 6.610377245586109e-11,
      "l1": 5.441727202182278e-08,
      "l2": 1.43425747427916e-09
    }
  },
  "gradients": {
    "pressure_net": {
      "global_l2": 0.023317720098599247,
      "max_abs": 0.01880073416170718,
      "nonfinite": 0.0,
      "element_count": 118017.0
    },
    "gamma_net": {
      "global_l2": 5.161578533289087e-16,
      "max_abs": 4.713931352333246e-17,
      "nonfinite": 0.0,
      "element_count": 118017.0
    }
  }
}