{
  "fb_mean_abs": 2.1180742493974924e-09,
  "fb_p99": 3.317136432201604e-08,
  "max_p_times_gamma": 3.989449892168956e-09,
  "mean_p_times_gamma": 1.2319686793875027e-10,
  "pressure_min": 0.0030653021209703342,
  "gamma_min": 1.0362064336540587e-17,
  "gamma_max": 7.955534976727288e-08
}