{
  "cv_mean_abs": 0.019520398081600228,
  "cv_p99": 0.13752678732465548,
  "cv_rmse": 0.03417415717371764,
  "global_flux_balance": 0.006569917004674037,
  "fb_mean_abs": 2.1180742493974924e-09,
  "fb_p99": 3.317136432201604e-08,
  "max_p_times_gamma": 3.989449892168956e-09,
  "mean_p_times_gamma": 1.2319686793875027e-10,
  "pressure_min": 0.0030653021209703342,
  "pressure_max": 0.14286884716925244,
  "gamma_min": 1.0362064336540587e-17,
  "gamma_max": 7.955534976727288e-08,
  "boundary_max_error": 1.3877787807814457e-17,
  "periodic_max_error": 5.551115123125783e-17
}